-- phpMyAdmin SQL Dump
-- version 4.0.10deb1
-- http://www.phpmyadmin.net
--
-- Host: localhost
-- Generation Time: Feb 02, 2015 at 01:33 PM
-- Server version: 5.5.40-0ubuntu0.14.04.1
-- PHP Version: 5.5.9-1ubuntu4.5

SET SQL_MODE = "NO_AUTO_VALUE_ON_ZERO";
SET time_zone = "+00:00";


/*!40101 SET @OLD_CHARACTER_SET_CLIENT=@@CHARACTER_SET_CLIENT */;
/*!40101 SET @OLD_CHARACTER_SET_RESULTS=@@CHARACTER_SET_RESULTS */;
/*!40101 SET @OLD_COLLATION_CONNECTION=@@COLLATION_CONNECTION */;
/*!40101 SET NAMES utf8 */;

--
-- Database: `eams_country_db`
--

-- --------------------------------------------------------

--
-- Table structure for table `AuthAssignment`
--

DROP TABLE IF EXISTS `AuthAssignment`;
CREATE TABLE IF NOT EXISTS `AuthAssignment` (
  `itemname` varchar(64) NOT NULL,
  `userid` varchar(64) NOT NULL,
  `bizrule` text,
  `data` text,
  PRIMARY KEY (`itemname`,`userid`)
) ENGINE=InnoDB DEFAULT CHARSET=latin1;

--
-- Dumping data for table `AuthAssignment`
--

INSERT INTO `AuthAssignment` (`itemname`, `userid`, `bizrule`, `data`) VALUES
('Admin', '1', NULL, 'N;'),
('MDA User', '2', NULL, 'N;');

-- --------------------------------------------------------

--
-- Table structure for table `AuthItem`
--

DROP TABLE IF EXISTS `AuthItem`;
CREATE TABLE IF NOT EXISTS `AuthItem` (
  `name` varchar(64) NOT NULL,
  `type` int(11) NOT NULL,
  `description` text,
  `bizrule` text,
  `data` text,
  PRIMARY KEY (`name`)
) ENGINE=InnoDB DEFAULT CHARSET=latin1;

--
-- Dumping data for table `AuthItem`
--

INSERT INTO `AuthItem` (`name`, `type`, `description`, `bizrule`, `data`) VALUES
('Admin', 2, 'Super admin of the system', NULL, NULL),
('Export Decisions', 1, 'Export decisions to EAMS Central', NULL, NULL),
('Import Decisions', 1, 'Import decisions from EAMS Central to help track their progress ', NULL, NULL),
('MDA User', 2, 'MDA User Role', NULL, NULL),
('PS', 2, 'Permanent Secretary', NULL, NULL);

-- --------------------------------------------------------

--
-- Table structure for table `AuthItemChild`
--

DROP TABLE IF EXISTS `AuthItemChild`;
CREATE TABLE IF NOT EXISTS `AuthItemChild` (
  `parent` varchar(64) NOT NULL,
  `child` varchar(64) NOT NULL,
  PRIMARY KEY (`parent`,`child`),
  KEY `child` (`child`)
) ENGINE=InnoDB DEFAULT CHARSET=latin1;

--
-- Dumping data for table `AuthItemChild`
--

INSERT INTO `AuthItemChild` (`parent`, `child`) VALUES
('Admin', 'Export Decisions'),
('Admin', 'Import Decisions');

-- --------------------------------------------------------

--
-- Table structure for table `tbl_audit_trail`
--

DROP TABLE IF EXISTS `tbl_audit_trail`;
CREATE TABLE IF NOT EXISTS `tbl_audit_trail` (
  `id` int(11) NOT NULL AUTO_INCREMENT,
  `user_id` int(11) NOT NULL,
  `details` varchar(255) NOT NULL,
  `activity_group` int(11) NOT NULL COMMENT 'Activity Group Category(eg:-ADF,Complaints etc)',
  `date_created` timestamp NOT NULL DEFAULT CURRENT_TIMESTAMP,
  PRIMARY KEY (`id`),
  KEY `fk_tbl_audit_trail_tbl_user1` (`user_id`)
) ENGINE=InnoDB  DEFAULT CHARSET=latin1 AUTO_INCREMENT=239 ;

--
-- Dumping data for table `tbl_audit_trail`
--

INSERT INTO `tbl_audit_trail` (`id`, `user_id`, `details`, `activity_group`, `date_created`) VALUES
(226, 1, 'Action Export Decisions was created ', 1, '2015-01-13 07:02:26'),
(227, 1, 'Role MDA User was created ', 1, '2015-01-13 07:11:15'),
(228, 1, 'Role PS was created ', 1, '2015-01-13 07:15:52'),
(229, 1, 'Action Export Decisions was assigned to role PS', 1, '2015-01-13 07:16:08'),
(230, 1, 'Action Import Decisions was assigned to role PS', 1, '2015-01-13 07:16:08'),
(231, 1, 'Role Admin was created ', 1, '2015-01-13 11:13:35'),
(232, 1, 'Action Admin was assigned to user admin', 1, '2015-01-13 12:33:24'),
(233, 1, 'Action MDA User was assigned to user admin', 1, '2015-01-13 12:33:24'),
(234, 1, 'Action PS was assigned to user admin', 1, '2015-01-13 12:33:24'),
(235, 1, 'Action Admin was assigned to user admin', 1, '2015-01-13 12:34:04'),
(236, 1, 'Action MDA User was assigned to user user1', 1, '2015-01-13 12:37:24'),
(237, 1, 'Action Export Decisions was assigned to role Admin', 1, '2015-01-15 05:55:37'),
(238, 1, 'Action Import Decisions was assigned to role Admin', 1, '2015-01-15 05:55:37');

-- --------------------------------------------------------

--
-- Table structure for table `tbl_eac_decision`
--

DROP TABLE IF EXISTS `tbl_eac_decision`;
CREATE TABLE IF NOT EXISTS `tbl_eac_decision` (
  `id` int(11) NOT NULL AUTO_INCREMENT,
  `eams_central_id` int(11) NOT NULL,
  `decision_source_id` int(11) DEFAULT NULL,
  `decision_reference` varchar(100) NOT NULL,
  `decision_date` datetime NOT NULL,
  `description` varchar(5000) NOT NULL,
  `budgetary_implications` varchar(5000) NOT NULL,
  `time_frame` varchar(5000) NOT NULL,
  `performance_indicators` varchar(5000) NOT NULL,
  `responsibility_center` varchar(5000) NOT NULL,
  `meeting_no` int(11) NOT NULL,
  `sectoral_council_id` int(11) DEFAULT NULL,
  `implementation_status_id` int(11) DEFAULT NULL,
  `responsible_mda_id` int(11) DEFAULT NULL,
  `date_created` datetime NOT NULL,
  `create_user_id` int(11) NOT NULL,
  `date_updated` timestamp NULL DEFAULT CURRENT_TIMESTAMP,
  `update_user_id` int(11) DEFAULT NULL,
  PRIMARY KEY (`id`),
  KEY `responsible_mda_id` (`responsible_mda_id`),
  KEY `decision_source_id` (`decision_source_id`)
) ENGINE=InnoDB  DEFAULT CHARSET=latin1 AUTO_INCREMENT=19 ;

--
-- Dumping data for table `tbl_eac_decision`
--

INSERT INTO `tbl_eac_decision` (`id`, `eams_central_id`, `decision_source_id`, `decision_reference`, `decision_date`, `description`, `budgetary_implications`, `time_frame`, `performance_indicators`, `responsibility_center`, `meeting_no`, `sectoral_council_id`, `implementation_status_id`, `responsible_mda_id`, `date_created`, `create_user_id`, `date_updated`, `update_user_id`) VALUES
(1, 1, 10, 'YYR/UTU/ITIT', '0000-00-00 00:00:00', 'Test Description', 'Test Budget', 'Test time frame', 'indicator1, indicator 2', 'UHGU,UCC,CCO', 23, NULL, 3, 1, '2014-12-11 20:12:49', 1, '2014-12-11 17:12:49', NULL),
(2, 2, 10, 'UYO/UTU/ITII', '0000-00-00 00:00:00', 'Test Description', 'Test Budget', 'Test time frame', 'indicator1, indicator 2', 'UHGU,UCC,CCO', 22, NULL, 3, 1, '2014-12-11 20:12:50', 1, '2014-12-11 17:12:50', NULL),
(3, 1, 10, 'YYR/UTU/ITIT', '0000-00-00 00:00:00', 'Test Description', 'Test Budget', 'Test time frame', 'indicator1, indicator 2', 'UHGU,UCC,CCO', 23, NULL, 3, 1, '2014-12-11 20:26:37', 1, '2014-12-11 17:26:37', NULL),
(4, 2, 10, 'UYO/UTU/ITII', '0000-00-00 00:00:00', 'Test Description', 'Test Budget', 'Test time frame', 'indicator1, indicator 2', 'UHGU,UCC,CCO', 22, NULL, NULL, NULL, '2014-12-11 20:26:37', 1, '2014-12-11 17:26:37', NULL),
(5, 1, 10, 'YYR/UTU/ITIT', '1970-01-01 00:00:00', 'Test Description', 'Test Budget', 'Test time frame', 'indicator1, indicator 2', 'UHGU,UCC,CCO', 23, NULL, NULL, NULL, '2014-12-11 20:49:47', 1, '2014-12-11 17:49:47', NULL),
(6, 2, 10, 'UYO/UTU/ITII', '1970-01-01 00:00:00', 'Test Description', 'Test Budget', 'Test time frame', 'indicator1, indicator 2', 'UHGU,UCC,CCO', 22, NULL, 2, NULL, '2014-12-11 20:49:47', 1, '2014-12-11 17:49:47', NULL),
(7, 1, 10, 'YYR/UTU/ITIT', '1970-01-01 00:00:00', 'Test Description', 'Test Budget', 'Test time frame', 'indicator1, indicator 2', 'UHGU,UCC,CCO', 23, NULL, NULL, NULL, '2014-12-15 11:52:10', 1, '2014-12-15 08:52:10', NULL),
(8, 2, 10, 'UYO/UTU/ITII', '1970-01-01 00:00:00', 'Test Description', 'Test Budget', 'Test time frame', 'indicator1, indicator 2', 'UHGU,UCC,CCO', 22, NULL, NULL, NULL, '2014-12-15 11:52:11', 1, '2014-12-15 08:52:11', NULL),
(9, 1, 10, 'YYR/UTU/ITIT', '1970-01-01 00:00:00', 'Test Description', 'Test Budget', 'Test time frame', 'indicator1, indicator 2', 'UHGU,UCC,CCO', 23, NULL, 3, NULL, '2014-12-15 12:07:41', 1, '2014-12-15 09:07:41', NULL),
(10, 2, 10, 'UYO/UTU/ITII', '1970-01-01 00:00:00', 'Test Description', 'Test Budget', 'Test time frame', 'indicator1, indicator 2', 'UHGU,UCC,CCO', 22, NULL, NULL, NULL, '2014-12-15 12:07:41', 1, '2014-12-15 09:07:41', NULL),
(11, 1, 10, 'YYR/UTU/ITIT', '2014-12-15 00:00:00', 'Test Description', 'Test Budget', 'Test time frame', 'indicator1, indicator 2', 'UHGU,UCC,CCO', 23, NULL, NULL, NULL, '2014-12-15 12:44:08', 1, '2014-12-15 09:44:08', NULL),
(12, 2, 10, 'UYO/UTU/ITII', '2014-12-16 00:00:00', 'Test Description', 'Test Budget', 'Test time frame', 'indicator1, indicator 2', 'UHGU,UCC,CCO', 22, NULL, NULL, NULL, '2014-12-15 12:44:08', 1, '2014-12-15 09:44:08', NULL),
(13, 1, 10, 'YYR/UTU/ITIT', '1905-07-27 00:00:00', 'Test Description', 'Test Budget', 'Test time frame', 'indicator1, indicator 2', 'UHGU,UCC,CCO', 23, NULL, NULL, NULL, '2014-12-15 12:45:54', 1, '2014-12-15 09:45:54', NULL),
(14, 2, 10, 'UYO/UTU/ITII', '1905-07-27 00:00:00', 'Test Description', 'Test Budget', 'Test time frame', 'indicator1, indicator 2', 'UHGU,UCC,CCO', 22, NULL, NULL, NULL, '2014-12-15 12:45:54', 1, '2014-12-15 09:45:54', NULL),
(15, 1, 10, 'YYR/UTU/ITIT', '2014-12-15 00:00:00', 'Test Description', 'Test Budget', 'Test time frame', 'indicator1, indicator 2', 'UHGU,UCC,CCO', 23, NULL, 3, NULL, '2014-12-15 13:14:16', 1, '2014-12-15 10:14:16', NULL),
(16, 2, 10, 'UYO/UTU/ITII', '2014-12-15 00:00:00', 'Test Description', 'Test Budget', 'Test time frame', 'indicator1, indicator 2', 'UHGU,UCC,CCO', 22, NULL, NULL, NULL, '2014-12-15 13:14:16', 1, '2014-12-15 10:14:16', NULL),
(17, 1, 10, 'YYR/UTU/ITIT', '2014-12-15 00:00:00', 'Test Description', 'Test Budget', 'Test time frame', 'indicator1, indicator 2', 'UHGU,UCC,CCO', 23, NULL, NULL, NULL, '2014-12-16 20:12:45', 1, '2014-12-16 17:12:45', NULL),
(18, 2, 10, 'UYO/UTU/ITII', '2014-12-15 00:00:00', 'Test Description', 'Test Budget', 'Test time frame', 'indicator1, indicator 2', 'UHGU,UCC,CCO', 22, NULL, NULL, NULL, '2014-12-16 20:12:45', 1, '2014-12-16 17:12:45', NULL);

-- --------------------------------------------------------

--
-- Table structure for table `tbl_eac_facts`
--

DROP TABLE IF EXISTS `tbl_eac_facts`;
CREATE TABLE IF NOT EXISTS `tbl_eac_facts` (
  `id` bigint(20) NOT NULL AUTO_INCREMENT,
  `protocol_id` varchar(10) NOT NULL,
  `protocol_details` varchar(300) NOT NULL,
  `protocol_provision_id` int(11) NOT NULL,
  `protocol_provision_description` varchar(300) NOT NULL,
  `data_field_code` int(11) NOT NULL,
  `data_field_desc` varchar(50) NOT NULL,
  `indicator_id` int(11) NOT NULL,
  `indicator_description` varchar(300) NOT NULL,
  `data_collection_guidelines` varchar(300) NOT NULL,
  `numeric_data` varchar(50) DEFAULT NULL,
  `alphanumeric_data` varchar(255) DEFAULT NULL,
  `date_created` datetime NOT NULL,
  `create_user_id` int(11) NOT NULL,
  `date_updated` datetime NOT NULL,
  `update_user_id` int(11) NOT NULL,
  PRIMARY KEY (`id`),
  KEY `create_user_id` (`create_user_id`),
  KEY `update_user_id` (`update_user_id`)
) ENGINE=InnoDB DEFAULT CHARSET=latin1 AUTO_INCREMENT=1 ;

-- --------------------------------------------------------

--
-- Table structure for table `tbl_eac_lookup`
--

DROP TABLE IF EXISTS `tbl_eac_lookup`;
CREATE TABLE IF NOT EXISTS `tbl_eac_lookup` (
  `id` int(11) NOT NULL AUTO_INCREMENT,
  `type` int(11) NOT NULL,
  `description` varchar(500) NOT NULL,
  `eams_central_id` int(11) NOT NULL,
  `color` varchar(10) DEFAULT NULL,
  PRIMARY KEY (`id`)
) ENGINE=InnoDB  DEFAULT CHARSET=latin1 AUTO_INCREMENT=15 ;

--
-- Dumping data for table `tbl_eac_lookup`
--

INSERT INTO `tbl_eac_lookup` (`id`, `type`, `description`, `eams_central_id`, `color`) VALUES
(1, 2, 'Decision not implemented /No action taken to date.', 1, '#D24842'),
(2, 2, 'Partially implemented or implementation still on-going.', 2, '#F89406'),
(3, 2, 'Decision fully implemented or Directive fully adhered to.', 3, '#468847'),
(4, 1, 'Agriculture and Food Security', 1, NULL),
(5, 1, 'Cooperation in Defence', 2, NULL),
(6, 1, 'EAC Affairs and Planning', 3, NULL),
(7, 1, 'Education, Science and Technology, Culture and Sport', 4, NULL),
(8, 1, 'Energy', 5, NULL),
(9, 1, 'Environment and Natural Resources', 6, NULL),
(10, 3, 'Summit', 1, NULL),
(11, 3, 'Extra-Ordinary Summit', 2, NULL),
(12, 3, 'Council of Ministers', 1, NULL),
(13, 3, 'Extra-Ordinary Council of Ministers', 2, NULL),
(14, 3, 'Sectoral Council', 1, NULL);

-- --------------------------------------------------------

--
-- Table structure for table `tbl_eac_status_log`
--

DROP TABLE IF EXISTS `tbl_eac_status_log`;
CREATE TABLE IF NOT EXISTS `tbl_eac_status_log` (
  `id` int(11) NOT NULL AUTO_INCREMENT,
  `decision_id` int(11) NOT NULL,
  `status_id` int(11) NOT NULL,
  `status_narrative` text NOT NULL,
  `remarks` text,
  `approved` tinyint(1) NOT NULL,
  `create_user_id` int(11) NOT NULL,
  `date_created` datetime NOT NULL,
  `update_user_id` int(11) DEFAULT NULL,
  `date_updated` timestamp NOT NULL DEFAULT CURRENT_TIMESTAMP,
  PRIMARY KEY (`id`),
  KEY `status_id` (`status_id`,`create_user_id`),
  KEY `update_user_id` (`update_user_id`),
  KEY `create_user_id` (`create_user_id`),
  KEY `decision_id` (`decision_id`)
) ENGINE=InnoDB  DEFAULT CHARSET=latin1 AUTO_INCREMENT=8 ;

--
-- Dumping data for table `tbl_eac_status_log`
--

INSERT INTO `tbl_eac_status_log` (`id`, `decision_id`, `status_id`, `status_narrative`, `remarks`, `approved`, `create_user_id`, `date_created`, `update_user_id`, `date_updated`) VALUES
(1, 1, 2, '', 'It is partially implemented', 0, 1, '2015-01-14 00:00:00', NULL, '2015-01-13 21:00:00'),
(2, 1, 3, '', 'Fully implemented', 0, 1, '2015-01-14 00:00:00', NULL, '2015-01-13 21:00:00'),
(3, 2, 1, '', 'Not implemented', 0, 1, '2015-01-14 00:00:00', NULL, '2015-01-13 21:00:00'),
(4, 1, 2, '', 'Work was not completed', 0, 1, '2015-01-14 00:00:00', NULL, '2015-01-13 21:00:00'),
(5, 1, 2, 'The implementation has begun', NULL, 0, 1, '2015-01-25 00:00:00', NULL, '2015-01-24 21:00:00'),
(6, 1, 2, 'Implementation still on-going', NULL, 0, 1, '2015-01-25 14:44:05', NULL, '2015-01-25 11:44:05'),
(7, 1, 3, 'Fully implemented in all regions', NULL, 0, 1, '2015-01-25 14:52:15', NULL, '2015-01-25 11:52:15');

-- --------------------------------------------------------

--
-- Table structure for table `tbl_eams_facts`
--

DROP TABLE IF EXISTS `tbl_eams_facts`;
CREATE TABLE IF NOT EXISTS `tbl_eams_facts` (
  `id` bigint(20) NOT NULL AUTO_INCREMENT,
  `framework_ind_id` bigint(20) NOT NULL,
  `time_id` int(11) DEFAULT NULL,
  `data_ref_date` date DEFAULT '1970-01-01',
  `indicator_value` varchar(50) DEFAULT NULL,
  `created_by` int(11) DEFAULT NULL,
  `is_reported` tinyint(1) NOT NULL DEFAULT '0',
  `timestamp` timestamp NULL DEFAULT CURRENT_TIMESTAMP,
  PRIMARY KEY (`id`),
  KEY `framework_ind_id` (`framework_ind_id`,`created_by`),
  KEY `created_by` (`created_by`),
  KEY `time_id` (`time_id`)
) ENGINE=InnoDB  DEFAULT CHARSET=latin1 AUTO_INCREMENT=13 ;

--
-- Dumping data for table `tbl_eams_facts`
--

INSERT INTO `tbl_eams_facts` (`id`, `framework_ind_id`, `time_id`, `data_ref_date`, `indicator_value`, `created_by`, `is_reported`, `timestamp`) VALUES
(3, 2, 534, '2014-12-08', '8', NULL, 1, '2014-12-16 10:15:31'),
(4, 2, 534, '2014-12-02', '67', NULL, 1, '2014-12-16 17:04:02'),
(5, 2, 534, '2014-12-01', '66', NULL, 1, '2014-12-16 17:05:01'),
(6, 2, 534, '2014-12-03', '46', NULL, 1, '2014-12-16 17:06:01'),
(7, 2, 534, '2014-12-12', '80', NULL, 1, '2014-12-16 17:07:01'),
(8, 2, 534, '2014-12-18', '79', NULL, 1, '2014-12-16 17:08:01'),
(9, 2, 534, '2014-12-17', '6998', NULL, 1, '2014-12-16 17:09:01'),
(10, 2, 534, '2014-11-30', NULL, NULL, 0, '2014-12-16 17:10:01'),
(11, 2, 534, '2014-12-18', NULL, NULL, 0, '2014-12-16 17:11:01'),
(12, 2, 534, '2014-12-16', '101', NULL, 1, '2014-12-16 17:12:01');

-- --------------------------------------------------------

--
-- Table structure for table `tbl_eams_framework`
--

DROP TABLE IF EXISTS `tbl_eams_framework`;
CREATE TABLE IF NOT EXISTS `tbl_eams_framework` (
  `id` int(11) NOT NULL AUTO_INCREMENT,
  `framework_description` varchar(255) NOT NULL,
  `type_id` int(11) NOT NULL,
  `parent_id` int(11) DEFAULT NULL,
  `guid` varchar(10) NOT NULL,
  PRIMARY KEY (`id`),
  KEY `type_id` (`type_id`)
) ENGINE=InnoDB  DEFAULT CHARSET=latin1 AUTO_INCREMENT=8 ;

--
-- Dumping data for table `tbl_eams_framework`
--

INSERT INTO `tbl_eams_framework` (`id`, `framework_description`, `type_id`, `parent_id`, `guid`) VALUES
(1, 'OBJECTIVE A: Care and supportive Services improved and HIV and AIDS infection reduced', 1, NULL, 'O001'),
(2, 'OBJECTIVE B: National Anti-Corruption Strategy effectively enhanced, sustained and implemented', 1, NULL, 'O002'),
(3, 'Objective C: Improved Service Delivery', 1, NULL, 'O003'),
(4, 'Objective D: Promotion and safeguarding of national interests in the EAC Integration enhanced', 1, NULL, 'O004'),
(5, 'Objective E: Implementation of EAC Treaty, Protocols, Acts, Directives and Decisions enhanced', 1, NULL, 'O005'),
(6, 'Objective F: Awareness on EAC Integration and its opportunities enhanced', 1, NULL, 'O006'),
(7, 'Objective G: Monitoring and Evaluation of the EAC integration enhanced', 1, NULL, 'O007');

-- --------------------------------------------------------

--
-- Table structure for table `tbl_eams_framework_indicator_mapping`
--

DROP TABLE IF EXISTS `tbl_eams_framework_indicator_mapping`;
CREATE TABLE IF NOT EXISTS `tbl_eams_framework_indicator_mapping` (
  `id` bigint(20) NOT NULL AUTO_INCREMENT,
  `indicator_id` int(11) NOT NULL,
  `framework_id` int(11) DEFAULT NULL,
  `indicator_unit_id` int(11) DEFAULT NULL,
  `data_source_id` int(11) DEFAULT NULL,
  `created_by` int(11) DEFAULT NULL,
  `timestamp` timestamp NULL DEFAULT CURRENT_TIMESTAMP,
  PRIMARY KEY (`id`),
  KEY `indicator_id` (`indicator_id`,`framework_id`,`indicator_unit_id`,`data_source_id`,`created_by`),
  KEY `framework_id` (`framework_id`),
  KEY `data_source_id` (`data_source_id`),
  KEY `indicator_unit_id` (`indicator_unit_id`),
  KEY `created_by` (`created_by`)
) ENGINE=InnoDB  DEFAULT CHARSET=latin1 AUTO_INCREMENT=3 ;

--
-- Dumping data for table `tbl_eams_framework_indicator_mapping`
--

INSERT INTO `tbl_eams_framework_indicator_mapping` (`id`, `indicator_id`, `framework_id`, `indicator_unit_id`, `data_source_id`, `created_by`, `timestamp`) VALUES
(2, 1, 1, NULL, NULL, NULL, '2014-12-16 09:47:42');

-- --------------------------------------------------------

--
-- Table structure for table `tbl_eams_framework_type`
--

DROP TABLE IF EXISTS `tbl_eams_framework_type`;
CREATE TABLE IF NOT EXISTS `tbl_eams_framework_type` (
  `id` int(11) NOT NULL AUTO_INCREMENT,
  `description` varchar(20) NOT NULL,
  `level` tinyint(3) NOT NULL,
  PRIMARY KEY (`id`)
) ENGINE=InnoDB  DEFAULT CHARSET=latin1 AUTO_INCREMENT=2 ;

--
-- Dumping data for table `tbl_eams_framework_type`
--

INSERT INTO `tbl_eams_framework_type` (`id`, `description`, `level`) VALUES
(1, 'OBJECTIVE', 0);

-- --------------------------------------------------------

--
-- Table structure for table `tbl_frequency`
--

DROP TABLE IF EXISTS `tbl_frequency`;
CREATE TABLE IF NOT EXISTS `tbl_frequency` (
  `id` int(11) NOT NULL AUTO_INCREMENT,
  `description` varchar(50) NOT NULL,
  `code` varchar(20) NOT NULL,
  `period` int(11) NOT NULL COMMENT 'The associated period(T) in days',
  PRIMARY KEY (`id`)
) ENGINE=InnoDB  DEFAULT CHARSET=latin1 AUTO_INCREMENT=7 ;

--
-- Dumping data for table `tbl_frequency`
--

INSERT INTO `tbl_frequency` (`id`, `description`, `code`, `period`) VALUES
(1, 'Daily', 'daily', 1),
(2, 'Weekly', 'weekly', 7),
(3, 'Monthly', 'monthly', 30),
(4, 'Quarterly', 'quarterly', 120),
(5, 'Bi-Annually', 'bi-annualy', 183),
(6, 'Annually', 'annualy', 365);

-- --------------------------------------------------------

--
-- Table structure for table `tbl_indicator`
--

DROP TABLE IF EXISTS `tbl_indicator`;
CREATE TABLE IF NOT EXISTS `tbl_indicator` (
  `id` int(11) NOT NULL AUTO_INCREMENT,
  `description` varchar(255) NOT NULL,
  `definition` text NOT NULL,
  `interpretation` text NOT NULL,
  `guid` char(7) NOT NULL,
  PRIMARY KEY (`id`)
) ENGINE=InnoDB  DEFAULT CHARSET=latin1 AUTO_INCREMENT=7 ;

--
-- Dumping data for table `tbl_indicator`
--

INSERT INTO `tbl_indicator` (`id`, `description`, `definition`, `interpretation`, `guid`) VALUES
(1, 'Percentage Change of HIV prevalence rate at MEAC.', 'Percentage Change of HIV prevalence rate at MEAC.', 'Percentage Change of HIV prevalence rate at MEAC.', 'IND0001'),
(2, 'Number of MEAC staff tested on HIV/AIDS infections.', 'Number of MEAC staff tested on HIV/AIDS infections.', 'Number of MEAC staff tested on HIV/AIDS infections.', 'IND0002'),
(3, 'Number of MEAC Staff supported to reduce the negative impacts of HIV/AIDS infections.', 'Number of MEAC Staff supported to reduce the negative impacts of HIV/AIDS infections.', 'Number of MEAC Staff supported to reduce the negative impacts of HIV/AIDS infections.', 'IND0003'),
(4, 'Number of MEAC staff living with HIV and AIDS accessing care and support services.', 'Number of MEAC staff living with HIV and AIDS accessing care and support services.', 'Number of MEAC staff living with HIV and AIDS accessing care and support services.', 'IND0004'),
(5, 'Proportion of MEAC staff aware and knowledgeable on HIV preventive measures.', 'Proportion of MEAC staff aware and knowledgeable on HIV preventive measures.', 'Proportion of MEAC staff aware and knowledgeable on HIV preventive measures.', 'IND0005'),
(6, 'Proportion of MEAC staff reporting to apply at least one HIV risk mitigation measures in their daily lives.', 'Proportion of MEAC staff reporting to apply at least one HIV risk mitigation measures in their daily lives.', 'Proportion of MEAC staff reporting to apply at least one HIV risk mitigation measures in their daily lives.', 'IND0006');

-- --------------------------------------------------------

--
-- Table structure for table `tbl_indicator_data_source`
--

DROP TABLE IF EXISTS `tbl_indicator_data_source`;
CREATE TABLE IF NOT EXISTS `tbl_indicator_data_source` (
  `id` int(11) NOT NULL AUTO_INCREMENT,
  `description` varchar(255) NOT NULL,
  `abbrev` varchar(20) DEFAULT NULL,
  `contact_details` varchar(255) NOT NULL,
  `phone_no` varchar(20) NOT NULL,
  `email` varchar(255) NOT NULL,
  `remarks` varchar(255) DEFAULT NULL,
  PRIMARY KEY (`id`)
) ENGINE=InnoDB DEFAULT CHARSET=latin1 AUTO_INCREMENT=1 ;

-- --------------------------------------------------------

--
-- Table structure for table `tbl_indicator_frequency_mapping`
--

DROP TABLE IF EXISTS `tbl_indicator_frequency_mapping`;
CREATE TABLE IF NOT EXISTS `tbl_indicator_frequency_mapping` (
  `id` int(11) NOT NULL AUTO_INCREMENT,
  `frequency_id` int(11) NOT NULL,
  `indicator_id` int(11) NOT NULL,
  PRIMARY KEY (`id`),
  KEY `frequency_id` (`frequency_id`),
  KEY `indicator_id` (`indicator_id`)
) ENGINE=InnoDB  DEFAULT CHARSET=latin1 AUTO_INCREMENT=2 ;

--
-- Dumping data for table `tbl_indicator_frequency_mapping`
--

INSERT INTO `tbl_indicator_frequency_mapping` (`id`, `frequency_id`, `indicator_id`) VALUES
(1, 4, 1);

-- --------------------------------------------------------

--
-- Table structure for table `tbl_indicator_unit`
--

DROP TABLE IF EXISTS `tbl_indicator_unit`;
CREATE TABLE IF NOT EXISTS `tbl_indicator_unit` (
  `id` int(11) NOT NULL AUTO_INCREMENT,
  `unit` varchar(50) DEFAULT NULL,
  `abbrev` varchar(10) DEFAULT NULL,
  PRIMARY KEY (`id`)
) ENGINE=InnoDB  DEFAULT CHARSET=latin1 AUTO_INCREMENT=3 ;

--
-- Dumping data for table `tbl_indicator_unit`
--

INSERT INTO `tbl_indicator_unit` (`id`, `unit`, `abbrev`) VALUES
(1, 'Percentage', '%'),
(2, 'Kilometer(s)', 'Km');

-- --------------------------------------------------------

--
-- Table structure for table `tbl_login`
--

DROP TABLE IF EXISTS `tbl_login`;
CREATE TABLE IF NOT EXISTS `tbl_login` (
  `id` int(11) NOT NULL AUTO_INCREMENT,
  `user_id` int(11) NOT NULL,
  `status` int(11) NOT NULL,
  `details` varchar(255) NOT NULL,
  `other_details` varchar(255) NOT NULL,
  `date_created` timestamp NOT NULL DEFAULT CURRENT_TIMESTAMP,
  PRIMARY KEY (`id`),
  KEY `user_id` (`user_id`)
) ENGINE=InnoDB  DEFAULT CHARSET=latin1 AUTO_INCREMENT=48 ;

--
-- Dumping data for table `tbl_login`
--

INSERT INTO `tbl_login` (`id`, `user_id`, `status`, `details`, `other_details`, `date_created`) VALUES
(1, 1, 2, 'Logged out successfully', 'User Agent: Mozilla/5.0 (X11; Linux x86_64) AppleWebKit/537.36 (KHTML, like Gecko) Chrome/39.0.2171.95 Safari/537.36 IP Address: 127.0.0.1', '2015-01-12 12:19:00'),
(2, 1, 1, 'Logged in successfully', 'User Agent: Mozilla/5.0 (X11; Linux x86_64) AppleWebKit/537.36 (KHTML, like Gecko) Chrome/39.0.2171.95 Safari/537.36 IP Address: 127.0.0.1', '2015-01-12 12:19:06'),
(3, 1, 2, 'Logged out successfully', 'User Agent: Mozilla/5.0 (X11; Linux x86_64) AppleWebKit/537.36 (KHTML, like Gecko) Chrome/39.0.2171.95 Safari/537.36 IP Address: 127.0.0.1', '2015-01-12 12:44:25'),
(4, 1, 1, 'Logged in successfully', 'User Agent: Mozilla/5.0 (X11; Linux x86_64) AppleWebKit/537.36 (KHTML, like Gecko) Chrome/39.0.2171.95 Safari/537.36 IP Address: 127.0.0.1', '2015-01-12 12:44:33'),
(5, 1, 2, 'Logged out successfully', 'User Agent: Mozilla/5.0 (X11; Linux x86_64) AppleWebKit/537.36 (KHTML, like Gecko) Chrome/39.0.2171.95 Safari/537.36 IP Address: 127.0.0.1', '2015-01-12 14:43:24'),
(6, 1, 1, 'Logged in successfully', 'User Agent: Mozilla/5.0 (X11; Linux x86_64) AppleWebKit/537.36 (KHTML, like Gecko) Chrome/39.0.2171.95 Safari/537.36 IP Address: 127.0.0.1', '2015-01-12 14:43:32'),
(7, 1, 2, 'Logged out successfully', 'User Agent: Mozilla/5.0 (X11; Linux x86_64) AppleWebKit/537.36 (KHTML, like Gecko) Chrome/39.0.2171.95 Safari/537.36 IP Address: 127.0.0.1', '2015-01-12 16:17:35'),
(8, 2, 1, 'Logged in successfully', 'User Agent: Mozilla/5.0 (X11; Linux x86_64) AppleWebKit/537.36 (KHTML, like Gecko) Chrome/39.0.2171.95 Safari/537.36 IP Address: 127.0.0.1', '2015-01-12 18:26:45'),
(9, 2, 2, 'Logged out successfully', 'User Agent: Mozilla/5.0 (X11; Linux x86_64) AppleWebKit/537.36 (KHTML, like Gecko) Chrome/39.0.2171.95 Safari/537.36 IP Address: 127.0.0.1', '2015-01-12 18:27:03'),
(10, 2, 1, 'Logged in successfully', 'User Agent: Mozilla/5.0 (X11; Linux x86_64) AppleWebKit/537.36 (KHTML, like Gecko) Chrome/39.0.2171.95 Safari/537.36 IP Address: 127.0.0.1', '2015-01-12 18:27:12'),
(11, 2, 2, 'Logged out successfully', 'User Agent: Mozilla/5.0 (X11; Linux x86_64) AppleWebKit/537.36 (KHTML, like Gecko) Chrome/39.0.2171.95 Safari/537.36 IP Address: 127.0.0.1', '2015-01-12 18:27:38'),
(12, 2, 1, 'Logged in successfully', 'User Agent: Mozilla/5.0 (X11; Linux x86_64) AppleWebKit/537.36 (KHTML, like Gecko) Chrome/39.0.2171.95 Safari/537.36 IP Address: 127.0.0.1', '2015-01-12 18:41:27'),
(13, 2, 2, 'Logged out successfully', 'User Agent: Mozilla/5.0 (X11; Linux x86_64) AppleWebKit/537.36 (KHTML, like Gecko) Chrome/39.0.2171.95 Safari/537.36 IP Address: 127.0.0.1', '2015-01-12 18:41:39'),
(14, 2, 1, 'Logged in successfully', 'User Agent: Mozilla/5.0 (X11; Linux x86_64) AppleWebKit/537.36 (KHTML, like Gecko) Chrome/39.0.2171.95 Safari/537.36 IP Address: 127.0.0.1', '2015-01-12 18:41:46'),
(15, 1, 1, 'Logged in successfully', 'User Agent: Mozilla/5.0 (X11; Linux x86_64) AppleWebKit/537.36 (KHTML, like Gecko) Chrome/39.0.2171.95 Safari/537.36 IP Address: 127.0.0.1', '2015-01-13 06:31:32'),
(16, 1, 1, 'Logged in successfully', 'User Agent: Mozilla/5.0 (X11; Linux x86_64) AppleWebKit/537.36 (KHTML, like Gecko) Chrome/39.0.2171.95 Safari/537.36 IP Address: 127.0.0.1', '2015-01-13 11:08:07'),
(17, 1, 1, 'Logged in successfully', 'User Agent: Mozilla/5.0 (X11; Linux x86_64) AppleWebKit/537.36 (KHTML, like Gecko) Chrome/39.0.2171.95 Safari/537.36 IP Address: 127.0.0.1', '2015-01-13 19:27:03'),
(18, 1, 1, 'Logged in successfully', 'User Agent: Mozilla/5.0 (X11; Linux x86_64) AppleWebKit/537.36 (KHTML, like Gecko) Chrome/39.0.2171.95 Safari/537.36 IP Address: 127.0.0.1', '2015-01-14 05:49:42'),
(19, 1, 2, 'Logged out successfully', 'User Agent: Mozilla/5.0 (X11; Linux x86_64) AppleWebKit/537.36 (KHTML, like Gecko) Chrome/39.0.2171.95 Safari/537.36 IP Address: 127.0.0.1', '2015-01-14 07:01:01'),
(20, 1, 1, 'Logged in successfully', 'User Agent: Mozilla/5.0 (X11; Linux x86_64) AppleWebKit/537.36 (KHTML, like Gecko) Chrome/39.0.2171.95 Safari/537.36 IP Address: 127.0.0.1', '2015-01-14 16:16:38'),
(21, 1, 1, 'Logged in successfully', 'User Agent: Mozilla/5.0 (X11; Linux x86_64) AppleWebKit/537.36 (KHTML, like Gecko) Chrome/39.0.2171.95 Safari/537.36 IP Address: 127.0.0.1', '2015-01-15 05:40:00'),
(22, 1, 1, 'Logged in successfully', 'User Agent: Mozilla/5.0 (X11; Linux x86_64) AppleWebKit/537.36 (KHTML, like Gecko) Chrome/39.0.2171.95 Safari/537.36 IP Address: 127.0.0.1', '2015-01-15 06:46:54'),
(23, 1, 1, 'Logged in successfully', 'User Agent: Mozilla/5.0 (X11; Linux x86_64) AppleWebKit/537.36 (KHTML, like Gecko) Chrome/39.0.2171.95 Safari/537.36 IP Address: 127.0.0.1', '2015-01-15 11:39:27'),
(24, 1, 2, 'Logged out successfully', 'User Agent: Mozilla/5.0 (X11; Linux x86_64) AppleWebKit/537.36 (KHTML, like Gecko) Chrome/39.0.2171.95 Safari/537.36 IP Address: 127.0.0.1', '2015-01-15 11:43:16'),
(25, 2, 1, 'Logged in successfully', 'User Agent: Mozilla/5.0 (X11; Linux x86_64) AppleWebKit/537.36 (KHTML, like Gecko) Chrome/39.0.2171.95 Safari/537.36 IP Address: 127.0.0.1', '2015-01-15 11:43:26'),
(26, 2, 2, 'Logged out successfully', 'User Agent: Mozilla/5.0 (X11; Linux x86_64) AppleWebKit/537.36 (KHTML, like Gecko) Chrome/39.0.2171.95 Safari/537.36 IP Address: 127.0.0.1', '2015-01-15 11:43:48'),
(27, 1, 1, 'Logged in successfully', 'User Agent: Mozilla/5.0 (X11; Linux x86_64) AppleWebKit/537.36 (KHTML, like Gecko) Chrome/39.0.2171.95 Safari/537.36 IP Address: 127.0.0.1', '2015-01-15 12:01:40'),
(28, 1, 2, 'Logged out successfully', 'User Agent: Mozilla/5.0 (X11; Linux x86_64) AppleWebKit/537.36 (KHTML, like Gecko) Chrome/39.0.2171.95 Safari/537.36 IP Address: 127.0.0.1', '2015-01-15 12:02:46'),
(29, 1, 1, 'Logged in successfully', 'User Agent: Mozilla/5.0 (X11; Linux x86_64) AppleWebKit/537.36 (KHTML, like Gecko) Chrome/39.0.2171.95 Safari/537.36 IP Address: 127.0.0.1', '2015-01-15 12:19:34'),
(30, 1, 1, 'Logged in successfully', 'User Agent: Mozilla/5.0 (X11; Linux x86_64) AppleWebKit/537.36 (KHTML, like Gecko) Chrome/39.0.2171.95 Safari/537.36 IP Address: 127.0.0.1', '2015-01-24 14:04:23'),
(31, 1, 1, 'Logged in successfully', 'User Agent: Mozilla/5.0 (X11; Linux x86_64) AppleWebKit/537.36 (KHTML, like Gecko) Chrome/39.0.2171.95 Safari/537.36 IP Address: 127.0.0.1', '2015-01-25 12:33:13'),
(32, 1, 1, 'Logged in successfully', 'User Agent: Mozilla/5.0 (X11; Linux x86_64) AppleWebKit/537.36 (KHTML, like Gecko) Chrome/39.0.2171.95 Safari/537.36 IP Address: 127.0.0.1', '2015-01-25 14:44:33'),
(33, 1, 2, 'Logged out successfully', 'User Agent: Mozilla/5.0 (X11; Linux x86_64) AppleWebKit/537.36 (KHTML, like Gecko) Chrome/39.0.2171.95 Safari/537.36 IP Address: 127.0.0.1', '2015-01-25 15:00:16'),
(34, 2, 1, 'Logged in successfully', 'User Agent: Mozilla/5.0 (X11; Linux x86_64) AppleWebKit/537.36 (KHTML, like Gecko) Chrome/39.0.2171.95 Safari/537.36 IP Address: 127.0.0.1', '2015-01-25 15:04:18'),
(35, 2, 2, 'Logged out successfully', 'User Agent: Mozilla/5.0 (X11; Linux x86_64) AppleWebKit/537.36 (KHTML, like Gecko) Chrome/39.0.2171.95 Safari/537.36 IP Address: 127.0.0.1', '2015-01-25 15:06:39'),
(36, 1, 1, 'Logged in successfully', 'User Agent: Mozilla/5.0 (X11; Linux x86_64) AppleWebKit/537.36 (KHTML, like Gecko) Chrome/39.0.2171.95 Safari/537.36 IP Address: 127.0.0.1', '2015-01-25 15:06:52'),
(37, 1, 1, 'Logged in successfully', 'User Agent: Mozilla/5.0 (X11; Ubuntu; Linux x86_64; rv:31.0) Gecko/20100101 Firefox/31.0 IP Address: 127.0.0.1', '2015-01-27 14:52:08'),
(38, 1, 2, 'Logged out successfully', 'User Agent: Mozilla/5.0 (X11; Ubuntu; Linux x86_64; rv:31.0) Gecko/20100101 Firefox/31.0 IP Address: 127.0.0.1', '2015-01-27 14:52:35'),
(39, 1, 1, 'Logged in successfully', 'User Agent: Mozilla/5.0 (X11; Ubuntu; Linux x86_64; rv:31.0) Gecko/20100101 Firefox/31.0 IP Address: 127.0.0.1', '2015-01-27 16:10:20'),
(40, 1, 2, 'Logged out successfully', 'User Agent: Mozilla/5.0 (X11; Ubuntu; Linux x86_64; rv:31.0) Gecko/20100101 Firefox/31.0 IP Address: 127.0.0.1', '2015-01-27 16:12:27'),
(41, 1, 1, 'Logged in successfully', 'User Agent: Mozilla/5.0 (X11; Ubuntu; Linux x86_64; rv:31.0) Gecko/20100101 Firefox/31.0 IP Address: 127.0.0.1', '2015-01-27 16:12:43'),
(42, 1, 1, 'Logged in successfully', 'User Agent: Mozilla/5.0 (X11; Ubuntu; Linux x86_64; rv:31.0) Gecko/20100101 Firefox/31.0 IP Address: 127.0.0.1', '2015-01-27 17:40:00'),
(43, 1, 2, 'Logged out successfully', 'User Agent: Mozilla/5.0 (X11; Ubuntu; Linux x86_64; rv:31.0) Gecko/20100101 Firefox/31.0 IP Address: 127.0.0.1', '2015-01-28 06:05:58'),
(44, 1, 1, 'Logged in successfully', 'User Agent: Mozilla/5.0 (X11; Ubuntu; Linux x86_64; rv:31.0) Gecko/20100101 Firefox/31.0 IP Address: 127.0.0.1', '2015-01-28 16:33:03'),
(45, 1, 1, 'Logged in successfully', 'User Agent: Mozilla/5.0 (X11; Ubuntu; Linux x86_64; rv:31.0) Gecko/20100101 Firefox/31.0 IP Address: 127.0.0.1', '2015-01-30 09:35:28'),
(46, 1, 2, 'Logged out successfully', 'User Agent: Mozilla/5.0 (X11; Ubuntu; Linux x86_64; rv:31.0) Gecko/20100101 Firefox/31.0 IP Address: 127.0.0.1', '2015-01-30 09:36:44'),
(47, 1, 1, 'Logged in successfully', 'User Agent: Mozilla/5.0 (X11; Ubuntu; Linux x86_64; rv:31.0) Gecko/20100101 Firefox/31.0 IP Address: 127.0.0.1', '2015-02-02 08:26:52');

-- --------------------------------------------------------

--
-- Table structure for table `tbl_mda`
--

DROP TABLE IF EXISTS `tbl_mda`;
CREATE TABLE IF NOT EXISTS `tbl_mda` (
  `id` int(11) NOT NULL AUTO_INCREMENT,
  `description` varchar(255) NOT NULL,
  `abbrev` varchar(20) DEFAULT NULL,
  `contact_details` varchar(255) NOT NULL,
  `phone_no` varchar(20) NOT NULL,
  `email` varchar(255) NOT NULL,
  `remarks` varchar(255) DEFAULT NULL,
  PRIMARY KEY (`id`)
) ENGINE=InnoDB  DEFAULT CHARSET=latin1 AUTO_INCREMENT=2 ;

--
-- Dumping data for table `tbl_mda`
--

INSERT INTO `tbl_mda` (`id`, `description`, `abbrev`, `contact_details`, `phone_no`, `email`, `remarks`) VALUES
(1, 'Ministry of Energy and Minerals', 'MEM', 'MEM', '022748899', 'ps@mem.go.tz', '');

-- --------------------------------------------------------

--
-- Table structure for table `tbl_meac_office`
--

DROP TABLE IF EXISTS `tbl_meac_office`;
CREATE TABLE IF NOT EXISTS `tbl_meac_office` (
  `id` int(11) NOT NULL AUTO_INCREMENT,
  `description` varchar(255) NOT NULL,
  `abbrev` varchar(20) NOT NULL,
  `parent_id` int(11) DEFAULT NULL,
  `active` tinyint(1) NOT NULL DEFAULT '1',
  PRIMARY KEY (`id`)
) ENGINE=InnoDB  DEFAULT CHARSET=latin1 AUTO_INCREMENT=2 ;

--
-- Dumping data for table `tbl_meac_office`
--

INSERT INTO `tbl_meac_office` (`id`, `description`, `abbrev`, `parent_id`, `active`) VALUES
(1, 'DPP', 'DPP', NULL, 1);

-- --------------------------------------------------------

--
-- Table structure for table `tbl_page`
--

DROP TABLE IF EXISTS `tbl_page`;
CREATE TABLE IF NOT EXISTS `tbl_page` (
  `id` int(11) NOT NULL AUTO_INCREMENT,
  `title` varchar(255) NOT NULL,
  `body` text,
  `name` varchar(50) NOT NULL,
  PRIMARY KEY (`id`)
) ENGINE=InnoDB  DEFAULT CHARSET=latin1 AUTO_INCREMENT=2 ;

--
-- Dumping data for table `tbl_page`
--

INSERT INTO `tbl_page` (`id`, `title`, `body`, `name`) VALUES
(1, 'EAMS-TANZANIA', '<p>\r\n	The EAMS-TANZANIA system is for the Ministry of East African Cooperation (MEAC) for monitoring the implementation of the Summit and Council Decisions; the Common Market Protocol; and the 4th EAC Development Strategy.</p>\r\n<p>\r\n	<strong>Core Features </strong></p>\r\n<ul>\r\n	<li>\r\n		EAC integration decisions and directives updates and progress.</li>\r\n	<li>\r\n		Ministry&rsquo;s Strategic Plan tracking of progress of outputs.</li>\r\n	<li>\r\n		EAC outcomes for Tanzania based on selected outcome indicators</li>\r\n</ul>\r\n', 'home_page');

-- --------------------------------------------------------

--
-- Table structure for table `tbl_time_dimension`
--

DROP TABLE IF EXISTS `tbl_time_dimension`;
CREATE TABLE IF NOT EXISTS `tbl_time_dimension` (
  `id` int(11) NOT NULL AUTO_INCREMENT,
  `daytimekey` char(10) NOT NULL,
  `daymonth` char(3) DEFAULT NULL,
  `dayquarter` char(2) DEFAULT NULL,
  `dayyear` char(4) DEFAULT NULL,
  PRIMARY KEY (`id`)
) ENGINE=InnoDB  DEFAULT CHARSET=latin1 AUTO_INCREMENT=1827 ;

--
-- Dumping data for table `tbl_time_dimension`
--

INSERT INTO `tbl_time_dimension` (`id`, `daytimekey`, `daymonth`, `dayquarter`, `dayyear`) VALUES
(1, '010713', 'Jul', 'Q1', '2013'),
(2, '020713', 'Jul', 'Q1', '2013'),
(3, '030713', 'Jul', 'Q1', '2013'),
(4, '040713', 'Jul', 'Q1', '2013'),
(5, '050713', 'Jul', 'Q1', '2013'),
(6, '060713', 'Jul', 'Q1', '2013'),
(7, '070713', 'Jul', 'Q1', '2013'),
(8, '080713', 'Jul', 'Q1', '2013'),
(9, '090713', 'Jul', 'Q1', '2013'),
(10, '100713', 'Jul', 'Q1', '2013'),
(11, '110713', 'Jul', 'Q1', '2013'),
(12, '120713', 'Jul', 'Q1', '2013'),
(13, '130713', 'Jul', 'Q1', '2013'),
(14, '140713', 'Jul', 'Q1', '2013'),
(15, '150713', 'Jul', 'Q1', '2013'),
(16, '160713', 'Jul', 'Q1', '2013'),
(17, '170713', 'Jul', 'Q1', '2013'),
(18, '180713', 'Jul', 'Q1', '2013'),
(19, '190713', 'Jul', 'Q1', '2013'),
(20, '200713', 'Jul', 'Q1', '2013'),
(21, '210713', 'Jul', 'Q1', '2013'),
(22, '220713', 'Jul', 'Q1', '2013'),
(23, '230713', 'Jul', 'Q1', '2013'),
(24, '240713', 'Jul', 'Q1', '2013'),
(25, '250713', 'Jul', 'Q1', '2013'),
(26, '260713', 'Jul', 'Q1', '2013'),
(27, '270713', 'Jul', 'Q1', '2013'),
(28, '280713', 'Jul', 'Q1', '2013'),
(29, '290713', 'Jul', 'Q1', '2013'),
(30, '300713', 'Jul', 'Q1', '2013'),
(31, '310713', 'Jul', 'Q1', '2013'),
(32, '010813', 'Aug', 'Q1', '2013'),
(33, '020813', 'Aug', 'Q1', '2013'),
(34, '030813', 'Aug', 'Q1', '2013'),
(35, '040813', 'Aug', 'Q1', '2013'),
(36, '050813', 'Aug', 'Q1', '2013'),
(37, '060813', 'Aug', 'Q1', '2013'),
(38, '070813', 'Aug', 'Q1', '2013'),
(39, '080813', 'Aug', 'Q1', '2013'),
(40, '090813', 'Aug', 'Q1', '2013'),
(41, '100813', 'Aug', 'Q1', '2013'),
(42, '110813', 'Aug', 'Q1', '2013'),
(43, '120813', 'Aug', 'Q1', '2013'),
(44, '130813', 'Aug', 'Q1', '2013'),
(45, '140813', 'Aug', 'Q1', '2013'),
(46, '150813', 'Aug', 'Q1', '2013'),
(47, '160813', 'Aug', 'Q1', '2013'),
(48, '170813', 'Aug', 'Q1', '2013'),
(49, '180813', 'Aug', 'Q1', '2013'),
(50, '190813', 'Aug', 'Q1', '2013'),
(51, '200813', 'Aug', 'Q1', '2013'),
(52, '210813', 'Aug', 'Q1', '2013'),
(53, '220813', 'Aug', 'Q1', '2013'),
(54, '230813', 'Aug', 'Q1', '2013'),
(55, '240813', 'Aug', 'Q1', '2013'),
(56, '250813', 'Aug', 'Q1', '2013'),
(57, '260813', 'Aug', 'Q1', '2013'),
(58, '270813', 'Aug', 'Q1', '2013'),
(59, '280813', 'Aug', 'Q1', '2013'),
(60, '290813', 'Aug', 'Q1', '2013'),
(61, '300813', 'Aug', 'Q1', '2013'),
(62, '310813', 'Aug', 'Q1', '2013'),
(63, '010913', 'Sep', 'Q1', '2013'),
(64, '020913', 'Sep', 'Q1', '2013'),
(65, '030913', 'Sep', 'Q1', '2013'),
(66, '040913', 'Sep', 'Q1', '2013'),
(67, '050913', 'Sep', 'Q1', '2013'),
(68, '060913', 'Sep', 'Q1', '2013'),
(69, '070913', 'Sep', 'Q1', '2013'),
(70, '080913', 'Sep', 'Q1', '2013'),
(71, '090913', 'Sep', 'Q1', '2013'),
(72, '100913', 'Sep', 'Q1', '2013'),
(73, '110913', 'Sep', 'Q1', '2013'),
(74, '120913', 'Sep', 'Q1', '2013'),
(75, '130913', 'Sep', 'Q1', '2013'),
(76, '140913', 'Sep', 'Q1', '2013'),
(77, '150913', 'Sep', 'Q1', '2013'),
(78, '160913', 'Sep', 'Q1', '2013'),
(79, '170913', 'Sep', 'Q1', '2013'),
(80, '180913', 'Sep', 'Q1', '2013'),
(81, '190913', 'Sep', 'Q1', '2013'),
(82, '200913', 'Sep', 'Q1', '2013'),
(83, '210913', 'Sep', 'Q1', '2013'),
(84, '220913', 'Sep', 'Q1', '2013'),
(85, '230913', 'Sep', 'Q1', '2013'),
(86, '240913', 'Sep', 'Q1', '2013'),
(87, '250913', 'Sep', 'Q1', '2013'),
(88, '260913', 'Sep', 'Q1', '2013'),
(89, '270913', 'Sep', 'Q1', '2013'),
(90, '280913', 'Sep', 'Q1', '2013'),
(91, '290913', 'Sep', 'Q1', '2013'),
(92, '300913', 'Sep', 'Q1', '2013'),
(93, '011013', 'Oct', 'Q2', '2013'),
(94, '021013', 'Oct', 'Q2', '2013'),
(95, '031013', 'Oct', 'Q2', '2013'),
(96, '041013', 'Oct', 'Q2', '2013'),
(97, '051013', 'Oct', 'Q2', '2013'),
(98, '061013', 'Oct', 'Q2', '2013'),
(99, '071013', 'Oct', 'Q2', '2013'),
(100, '081013', 'Oct', 'Q2', '2013'),
(101, '091013', 'Oct', 'Q2', '2013'),
(102, '101013', 'Oct', 'Q2', '2013'),
(103, '111013', 'Oct', 'Q2', '2013'),
(104, '121013', 'Oct', 'Q2', '2013'),
(105, '131013', 'Oct', 'Q2', '2013'),
(106, '141013', 'Oct', 'Q2', '2013'),
(107, '151013', 'Oct', 'Q2', '2013'),
(108, '161013', 'Oct', 'Q2', '2013'),
(109, '171013', 'Oct', 'Q2', '2013'),
(110, '181013', 'Oct', 'Q2', '2013'),
(111, '191013', 'Oct', 'Q2', '2013'),
(112, '201013', 'Oct', 'Q2', '2013'),
(113, '211013', 'Oct', 'Q2', '2013'),
(114, '221013', 'Oct', 'Q2', '2013'),
(115, '231013', 'Oct', 'Q2', '2013'),
(116, '241013', 'Oct', 'Q2', '2013'),
(117, '251013', 'Oct', 'Q2', '2013'),
(118, '261013', 'Oct', 'Q2', '2013'),
(119, '271013', 'Oct', 'Q2', '2013'),
(120, '281013', 'Oct', 'Q2', '2013'),
(121, '291013', 'Oct', 'Q2', '2013'),
(122, '301013', 'Oct', 'Q2', '2013'),
(123, '311013', 'Oct', 'Q2', '2013'),
(124, '011113', 'Nov', 'Q2', '2013'),
(125, '021113', 'Nov', 'Q2', '2013'),
(126, '031113', 'Nov', 'Q2', '2013'),
(127, '041113', 'Nov', 'Q2', '2013'),
(128, '051113', 'Nov', 'Q2', '2013'),
(129, '061113', 'Nov', 'Q2', '2013'),
(130, '071113', 'Nov', 'Q2', '2013'),
(131, '081113', 'Nov', 'Q2', '2013'),
(132, '091113', 'Nov', 'Q2', '2013'),
(133, '101113', 'Nov', 'Q2', '2013'),
(134, '111113', 'Nov', 'Q2', '2013'),
(135, '121113', 'Nov', 'Q2', '2013'),
(136, '131113', 'Nov', 'Q2', '2013'),
(137, '141113', 'Nov', 'Q2', '2013'),
(138, '151113', 'Nov', 'Q2', '2013'),
(139, '161113', 'Nov', 'Q2', '2013'),
(140, '171113', 'Nov', 'Q2', '2013'),
(141, '181113', 'Nov', 'Q2', '2013'),
(142, '191113', 'Nov', 'Q2', '2013'),
(143, '201113', 'Nov', 'Q2', '2013'),
(144, '211113', 'Nov', 'Q2', '2013'),
(145, '221113', 'Nov', 'Q2', '2013'),
(146, '231113', 'Nov', 'Q2', '2013'),
(147, '241113', 'Nov', 'Q2', '2013'),
(148, '251113', 'Nov', 'Q2', '2013'),
(149, '261113', 'Nov', 'Q2', '2013'),
(150, '271113', 'Nov', 'Q2', '2013'),
(151, '281113', 'Nov', 'Q2', '2013'),
(152, '291113', 'Nov', 'Q2', '2013'),
(153, '301113', 'Nov', 'Q2', '2013'),
(154, '011213', 'Dec', 'Q2', '2013'),
(155, '021213', 'Dec', 'Q2', '2013'),
(156, '031213', 'Dec', 'Q2', '2013'),
(157, '041213', 'Dec', 'Q2', '2013'),
(158, '051213', 'Dec', 'Q2', '2013'),
(159, '061213', 'Dec', 'Q2', '2013'),
(160, '071213', 'Dec', 'Q2', '2013'),
(161, '081213', 'Dec', 'Q2', '2013'),
(162, '091213', 'Dec', 'Q2', '2013'),
(163, '101213', 'Dec', 'Q2', '2013'),
(164, '111213', 'Dec', 'Q2', '2013'),
(165, '121213', 'Dec', 'Q2', '2013'),
(166, '131213', 'Dec', 'Q2', '2013'),
(167, '141213', 'Dec', 'Q2', '2013'),
(168, '151213', 'Dec', 'Q2', '2013'),
(169, '161213', 'Dec', 'Q2', '2013'),
(170, '171213', 'Dec', 'Q2', '2013'),
(171, '181213', 'Dec', 'Q2', '2013'),
(172, '191213', 'Dec', 'Q2', '2013'),
(173, '201213', 'Dec', 'Q2', '2013'),
(174, '211213', 'Dec', 'Q2', '2013'),
(175, '221213', 'Dec', 'Q2', '2013'),
(176, '231213', 'Dec', 'Q2', '2013'),
(177, '241213', 'Dec', 'Q2', '2013'),
(178, '251213', 'Dec', 'Q2', '2013'),
(179, '261213', 'Dec', 'Q2', '2013'),
(180, '271213', 'Dec', 'Q2', '2013'),
(181, '281213', 'Dec', 'Q2', '2013'),
(182, '291213', 'Dec', 'Q2', '2013'),
(183, '301213', 'Dec', 'Q2', '2013'),
(184, '311213', 'Dec', 'Q2', '2013'),
(185, '010114', 'Jan', 'Q3', '2014'),
(186, '020114', 'Jan', 'Q3', '2014'),
(187, '030114', 'Jan', 'Q3', '2014'),
(188, '040114', 'Jan', 'Q3', '2014'),
(189, '050114', 'Jan', 'Q3', '2014'),
(190, '060114', 'Jan', 'Q3', '2014'),
(191, '070114', 'Jan', 'Q3', '2014'),
(192, '080114', 'Jan', 'Q3', '2014'),
(193, '090114', 'Jan', 'Q3', '2014'),
(194, '100114', 'Jan', 'Q3', '2014'),
(195, '110114', 'Jan', 'Q3', '2014'),
(196, '120114', 'Jan', 'Q3', '2014'),
(197, '130114', 'Jan', 'Q3', '2014'),
(198, '140114', 'Jan', 'Q3', '2014'),
(199, '150114', 'Jan', 'Q3', '2014'),
(200, '160114', 'Jan', 'Q3', '2014'),
(201, '170114', 'Jan', 'Q3', '2014'),
(202, '180114', 'Jan', 'Q3', '2014'),
(203, '190114', 'Jan', 'Q3', '2014'),
(204, '200114', 'Jan', 'Q3', '2014'),
(205, '210114', 'Jan', 'Q3', '2014'),
(206, '220114', 'Jan', 'Q3', '2014'),
(207, '230114', 'Jan', 'Q3', '2014'),
(208, '240114', 'Jan', 'Q3', '2014'),
(209, '250114', 'Jan', 'Q3', '2014'),
(210, '260114', 'Jan', 'Q3', '2014'),
(211, '270114', 'Jan', 'Q3', '2014'),
(212, '280114', 'Jan', 'Q3', '2014'),
(213, '290114', 'Jan', 'Q3', '2014'),
(214, '300114', 'Jan', 'Q3', '2014'),
(215, '310114', 'Jan', 'Q3', '2014'),
(216, '010214', 'Feb', 'Q3', '2014'),
(217, '020214', 'Feb', 'Q3', '2014'),
(218, '030214', 'Feb', 'Q3', '2014'),
(219, '040214', 'Feb', 'Q3', '2014'),
(220, '050214', 'Feb', 'Q3', '2014'),
(221, '060214', 'Feb', 'Q3', '2014'),
(222, '070214', 'Feb', 'Q3', '2014'),
(223, '080214', 'Feb', 'Q3', '2014'),
(224, '090214', 'Feb', 'Q3', '2014'),
(225, '100214', 'Feb', 'Q3', '2014'),
(226, '110214', 'Feb', 'Q3', '2014'),
(227, '120214', 'Feb', 'Q3', '2014'),
(228, '130214', 'Feb', 'Q3', '2014'),
(229, '140214', 'Feb', 'Q3', '2014'),
(230, '150214', 'Feb', 'Q3', '2014'),
(231, '160214', 'Feb', 'Q3', '2014'),
(232, '170214', 'Feb', 'Q3', '2014'),
(233, '180214', 'Feb', 'Q3', '2014'),
(234, '190214', 'Feb', 'Q3', '2014'),
(235, '200214', 'Feb', 'Q3', '2014'),
(236, '210214', 'Feb', 'Q3', '2014'),
(237, '220214', 'Feb', 'Q3', '2014'),
(238, '230214', 'Feb', 'Q3', '2014'),
(239, '240214', 'Feb', 'Q3', '2014'),
(240, '250214', 'Feb', 'Q3', '2014'),
(241, '260214', 'Feb', 'Q3', '2014'),
(242, '270214', 'Feb', 'Q3', '2014'),
(243, '280214', 'Feb', 'Q3', '2014'),
(244, '010314', 'Mar', 'Q3', '2014'),
(245, '020314', 'Mar', 'Q3', '2014'),
(246, '030314', 'Mar', 'Q3', '2014'),
(247, '040314', 'Mar', 'Q3', '2014'),
(248, '050314', 'Mar', 'Q3', '2014'),
(249, '060314', 'Mar', 'Q3', '2014'),
(250, '070314', 'Mar', 'Q3', '2014'),
(251, '080314', 'Mar', 'Q3', '2014'),
(252, '090314', 'Mar', 'Q3', '2014'),
(253, '100314', 'Mar', 'Q3', '2014'),
(254, '110314', 'Mar', 'Q3', '2014'),
(255, '120314', 'Mar', 'Q3', '2014'),
(256, '130314', 'Mar', 'Q3', '2014'),
(257, '140314', 'Mar', 'Q3', '2014'),
(258, '150314', 'Mar', 'Q3', '2014'),
(259, '160314', 'Mar', 'Q3', '2014'),
(260, '170314', 'Mar', 'Q3', '2014'),
(261, '180314', 'Mar', 'Q3', '2014'),
(262, '190314', 'Mar', 'Q3', '2014'),
(263, '200314', 'Mar', 'Q3', '2014'),
(264, '210314', 'Mar', 'Q3', '2014'),
(265, '220314', 'Mar', 'Q3', '2014'),
(266, '230314', 'Mar', 'Q3', '2014'),
(267, '240314', 'Mar', 'Q3', '2014'),
(268, '250314', 'Mar', 'Q3', '2014'),
(269, '260314', 'Mar', 'Q3', '2014'),
(270, '270314', 'Mar', 'Q3', '2014'),
(271, '280314', 'Mar', 'Q3', '2014'),
(272, '290314', 'Mar', 'Q3', '2014'),
(273, '300314', 'Mar', 'Q3', '2014'),
(274, '310314', 'Mar', 'Q3', '2014'),
(275, '010414', 'Apr', 'Q4', '2014'),
(276, '020414', 'Apr', 'Q4', '2014'),
(277, '030414', 'Apr', 'Q4', '2014'),
(278, '040414', 'Apr', 'Q4', '2014'),
(279, '050414', 'Apr', 'Q4', '2014'),
(280, '060414', 'Apr', 'Q4', '2014'),
(281, '070414', 'Apr', 'Q4', '2014'),
(282, '080414', 'Apr', 'Q4', '2014'),
(283, '090414', 'Apr', 'Q4', '2014'),
(284, '100414', 'Apr', 'Q4', '2014'),
(285, '110414', 'Apr', 'Q4', '2014'),
(286, '120414', 'Apr', 'Q4', '2014'),
(287, '130414', 'Apr', 'Q4', '2014'),
(288, '140414', 'Apr', 'Q4', '2014'),
(289, '150414', 'Apr', 'Q4', '2014'),
(290, '160414', 'Apr', 'Q4', '2014'),
(291, '170414', 'Apr', 'Q4', '2014'),
(292, '180414', 'Apr', 'Q4', '2014'),
(293, '190414', 'Apr', 'Q4', '2014'),
(294, '200414', 'Apr', 'Q4', '2014'),
(295, '210414', 'Apr', 'Q4', '2014'),
(296, '220414', 'Apr', 'Q4', '2014'),
(297, '230414', 'Apr', 'Q4', '2014'),
(298, '240414', 'Apr', 'Q4', '2014'),
(299, '250414', 'Apr', 'Q4', '2014'),
(300, '260414', 'Apr', 'Q4', '2014'),
(301, '270414', 'Apr', 'Q4', '2014'),
(302, '280414', 'Apr', 'Q4', '2014'),
(303, '290414', 'Apr', 'Q4', '2014'),
(304, '300414', 'Apr', 'Q4', '2014'),
(305, '010514', 'May', 'Q4', '2014'),
(306, '020514', 'May', 'Q4', '2014'),
(307, '030514', 'May', 'Q4', '2014'),
(308, '040514', 'May', 'Q4', '2014'),
(309, '050514', 'May', 'Q4', '2014'),
(310, '060514', 'May', 'Q4', '2014'),
(311, '070514', 'May', 'Q4', '2014'),
(312, '080514', 'May', 'Q4', '2014'),
(313, '090514', 'May', 'Q4', '2014'),
(314, '100514', 'May', 'Q4', '2014'),
(315, '110514', 'May', 'Q4', '2014'),
(316, '120514', 'May', 'Q4', '2014'),
(317, '130514', 'May', 'Q4', '2014'),
(318, '140514', 'May', 'Q4', '2014'),
(319, '150514', 'May', 'Q4', '2014'),
(320, '160514', 'May', 'Q4', '2014'),
(321, '170514', 'May', 'Q4', '2014'),
(322, '180514', 'May', 'Q4', '2014'),
(323, '190514', 'May', 'Q4', '2014'),
(324, '200514', 'May', 'Q4', '2014'),
(325, '210514', 'May', 'Q4', '2014'),
(326, '220514', 'May', 'Q4', '2014'),
(327, '230514', 'May', 'Q4', '2014'),
(328, '240514', 'May', 'Q4', '2014'),
(329, '250514', 'May', 'Q4', '2014'),
(330, '260514', 'May', 'Q4', '2014'),
(331, '270514', 'May', 'Q4', '2014'),
(332, '280514', 'May', 'Q4', '2014'),
(333, '290514', 'May', 'Q4', '2014'),
(334, '300514', 'May', 'Q4', '2014'),
(335, '310514', 'May', 'Q4', '2014'),
(336, '010614', 'Jun', 'Q4', '2014'),
(337, '020614', 'Jun', 'Q4', '2014'),
(338, '030614', 'Jun', 'Q4', '2014'),
(339, '040614', 'Jun', 'Q4', '2014'),
(340, '050614', 'Jun', 'Q4', '2014'),
(341, '060614', 'Jun', 'Q4', '2014'),
(342, '070614', 'Jun', 'Q4', '2014'),
(343, '080614', 'Jun', 'Q4', '2014'),
(344, '090614', 'Jun', 'Q4', '2014'),
(345, '100614', 'Jun', 'Q4', '2014'),
(346, '110614', 'Jun', 'Q4', '2014'),
(347, '120614', 'Jun', 'Q4', '2014'),
(348, '130614', 'Jun', 'Q4', '2014'),
(349, '140614', 'Jun', 'Q4', '2014'),
(350, '150614', 'Jun', 'Q4', '2014'),
(351, '160614', 'Jun', 'Q4', '2014'),
(352, '170614', 'Jun', 'Q4', '2014'),
(353, '180614', 'Jun', 'Q4', '2014'),
(354, '190614', 'Jun', 'Q4', '2014'),
(355, '200614', 'Jun', 'Q4', '2014'),
(356, '210614', 'Jun', 'Q4', '2014'),
(357, '220614', 'Jun', 'Q4', '2014'),
(358, '230614', 'Jun', 'Q4', '2014'),
(359, '240614', 'Jun', 'Q4', '2014'),
(360, '250614', 'Jun', 'Q4', '2014'),
(361, '260614', 'Jun', 'Q4', '2014'),
(362, '270614', 'Jun', 'Q4', '2014'),
(363, '280614', 'Jun', 'Q4', '2014'),
(364, '290614', 'Jun', 'Q4', '2014'),
(365, '300614', 'Jun', 'Q4', '2014'),
(366, '010714', 'Jul', 'Q1', '2014'),
(367, '020714', 'Jul', 'Q1', '2014'),
(368, '030714', 'Jul', 'Q1', '2014'),
(369, '040714', 'Jul', 'Q1', '2014'),
(370, '050714', 'Jul', 'Q1', '2014'),
(371, '060714', 'Jul', 'Q1', '2014'),
(372, '070714', 'Jul', 'Q1', '2014'),
(373, '080714', 'Jul', 'Q1', '2014'),
(374, '090714', 'Jul', 'Q1', '2014'),
(375, '100714', 'Jul', 'Q1', '2014'),
(376, '110714', 'Jul', 'Q1', '2014'),
(377, '120714', 'Jul', 'Q1', '2014'),
(378, '130714', 'Jul', 'Q1', '2014'),
(379, '140714', 'Jul', 'Q1', '2014'),
(380, '150714', 'Jul', 'Q1', '2014'),
(381, '160714', 'Jul', 'Q1', '2014'),
(382, '170714', 'Jul', 'Q1', '2014'),
(383, '180714', 'Jul', 'Q1', '2014'),
(384, '190714', 'Jul', 'Q1', '2014'),
(385, '200714', 'Jul', 'Q1', '2014'),
(386, '210714', 'Jul', 'Q1', '2014'),
(387, '220714', 'Jul', 'Q1', '2014'),
(388, '230714', 'Jul', 'Q1', '2014'),
(389, '240714', 'Jul', 'Q1', '2014'),
(390, '250714', 'Jul', 'Q1', '2014'),
(391, '260714', 'Jul', 'Q1', '2014'),
(392, '270714', 'Jul', 'Q1', '2014'),
(393, '280714', 'Jul', 'Q1', '2014'),
(394, '290714', 'Jul', 'Q1', '2014'),
(395, '300714', 'Jul', 'Q1', '2014'),
(396, '310714', 'Jul', 'Q1', '2014'),
(397, '010814', 'Aug', 'Q1', '2014'),
(398, '020814', 'Aug', 'Q1', '2014'),
(399, '030814', 'Aug', 'Q1', '2014'),
(400, '040814', 'Aug', 'Q1', '2014'),
(401, '050814', 'Aug', 'Q1', '2014'),
(402, '060814', 'Aug', 'Q1', '2014'),
(403, '070814', 'Aug', 'Q1', '2014'),
(404, '080814', 'Aug', 'Q1', '2014'),
(405, '090814', 'Aug', 'Q1', '2014'),
(406, '100814', 'Aug', 'Q1', '2014'),
(407, '110814', 'Aug', 'Q1', '2014'),
(408, '120814', 'Aug', 'Q1', '2014'),
(409, '130814', 'Aug', 'Q1', '2014'),
(410, '140814', 'Aug', 'Q1', '2014'),
(411, '150814', 'Aug', 'Q1', '2014'),
(412, '160814', 'Aug', 'Q1', '2014'),
(413, '170814', 'Aug', 'Q1', '2014'),
(414, '180814', 'Aug', 'Q1', '2014'),
(415, '190814', 'Aug', 'Q1', '2014'),
(416, '200814', 'Aug', 'Q1', '2014'),
(417, '210814', 'Aug', 'Q1', '2014'),
(418, '220814', 'Aug', 'Q1', '2014'),
(419, '230814', 'Aug', 'Q1', '2014'),
(420, '240814', 'Aug', 'Q1', '2014'),
(421, '250814', 'Aug', 'Q1', '2014'),
(422, '260814', 'Aug', 'Q1', '2014'),
(423, '270814', 'Aug', 'Q1', '2014'),
(424, '280814', 'Aug', 'Q1', '2014'),
(425, '290814', 'Aug', 'Q1', '2014'),
(426, '300814', 'Aug', 'Q1', '2014'),
(427, '310814', 'Aug', 'Q1', '2014'),
(428, '010914', 'Sep', 'Q1', '2014'),
(429, '020914', 'Sep', 'Q1', '2014'),
(430, '030914', 'Sep', 'Q1', '2014'),
(431, '040914', 'Sep', 'Q1', '2014'),
(432, '050914', 'Sep', 'Q1', '2014'),
(433, '060914', 'Sep', 'Q1', '2014'),
(434, '070914', 'Sep', 'Q1', '2014'),
(435, '080914', 'Sep', 'Q1', '2014'),
(436, '090914', 'Sep', 'Q1', '2014'),
(437, '100914', 'Sep', 'Q1', '2014'),
(438, '110914', 'Sep', 'Q1', '2014'),
(439, '120914', 'Sep', 'Q1', '2014'),
(440, '130914', 'Sep', 'Q1', '2014'),
(441, '140914', 'Sep', 'Q1', '2014'),
(442, '150914', 'Sep', 'Q1', '2014'),
(443, '160914', 'Sep', 'Q1', '2014'),
(444, '170914', 'Sep', 'Q1', '2014'),
(445, '180914', 'Sep', 'Q1', '2014'),
(446, '190914', 'Sep', 'Q1', '2014'),
(447, '200914', 'Sep', 'Q1', '2014'),
(448, '210914', 'Sep', 'Q1', '2014'),
(449, '220914', 'Sep', 'Q1', '2014'),
(450, '230914', 'Sep', 'Q1', '2014'),
(451, '240914', 'Sep', 'Q1', '2014'),
(452, '250914', 'Sep', 'Q1', '2014'),
(453, '260914', 'Sep', 'Q1', '2014'),
(454, '270914', 'Sep', 'Q1', '2014'),
(455, '280914', 'Sep', 'Q1', '2014'),
(456, '290914', 'Sep', 'Q1', '2014'),
(457, '300914', 'Sep', 'Q1', '2014'),
(458, '011014', 'Oct', 'Q2', '2014'),
(459, '021014', 'Oct', 'Q2', '2014'),
(460, '031014', 'Oct', 'Q2', '2014'),
(461, '041014', 'Oct', 'Q2', '2014'),
(462, '051014', 'Oct', 'Q2', '2014'),
(463, '061014', 'Oct', 'Q2', '2014'),
(464, '071014', 'Oct', 'Q2', '2014'),
(465, '081014', 'Oct', 'Q2', '2014'),
(466, '091014', 'Oct', 'Q2', '2014'),
(467, '101014', 'Oct', 'Q2', '2014'),
(468, '111014', 'Oct', 'Q2', '2014'),
(469, '121014', 'Oct', 'Q2', '2014'),
(470, '131014', 'Oct', 'Q2', '2014'),
(471, '141014', 'Oct', 'Q2', '2014'),
(472, '151014', 'Oct', 'Q2', '2014'),
(473, '161014', 'Oct', 'Q2', '2014'),
(474, '171014', 'Oct', 'Q2', '2014'),
(475, '181014', 'Oct', 'Q2', '2014'),
(476, '191014', 'Oct', 'Q2', '2014'),
(477, '201014', 'Oct', 'Q2', '2014'),
(478, '211014', 'Oct', 'Q2', '2014'),
(479, '221014', 'Oct', 'Q2', '2014'),
(480, '231014', 'Oct', 'Q2', '2014'),
(481, '241014', 'Oct', 'Q2', '2014'),
(482, '251014', 'Oct', 'Q2', '2014'),
(483, '261014', 'Oct', 'Q2', '2014'),
(484, '271014', 'Oct', 'Q2', '2014'),
(485, '281014', 'Oct', 'Q2', '2014'),
(486, '291014', 'Oct', 'Q2', '2014'),
(487, '301014', 'Oct', 'Q2', '2014'),
(488, '311014', 'Oct', 'Q2', '2014'),
(489, '011114', 'Nov', 'Q2', '2014'),
(490, '021114', 'Nov', 'Q2', '2014'),
(491, '031114', 'Nov', 'Q2', '2014'),
(492, '041114', 'Nov', 'Q2', '2014'),
(493, '051114', 'Nov', 'Q2', '2014'),
(494, '061114', 'Nov', 'Q2', '2014'),
(495, '071114', 'Nov', 'Q2', '2014'),
(496, '081114', 'Nov', 'Q2', '2014'),
(497, '091114', 'Nov', 'Q2', '2014'),
(498, '101114', 'Nov', 'Q2', '2014'),
(499, '111114', 'Nov', 'Q2', '2014'),
(500, '121114', 'Nov', 'Q2', '2014'),
(501, '131114', 'Nov', 'Q2', '2014'),
(502, '141114', 'Nov', 'Q2', '2014'),
(503, '151114', 'Nov', 'Q2', '2014'),
(504, '161114', 'Nov', 'Q2', '2014'),
(505, '171114', 'Nov', 'Q2', '2014'),
(506, '181114', 'Nov', 'Q2', '2014'),
(507, '191114', 'Nov', 'Q2', '2014'),
(508, '201114', 'Nov', 'Q2', '2014'),
(509, '211114', 'Nov', 'Q2', '2014'),
(510, '221114', 'Nov', 'Q2', '2014'),
(511, '231114', 'Nov', 'Q2', '2014'),
(512, '241114', 'Nov', 'Q2', '2014'),
(513, '251114', 'Nov', 'Q2', '2014'),
(514, '261114', 'Nov', 'Q2', '2014'),
(515, '271114', 'Nov', 'Q2', '2014'),
(516, '281114', 'Nov', 'Q2', '2014'),
(517, '291114', 'Nov', 'Q2', '2014'),
(518, '301114', 'Nov', 'Q2', '2014'),
(519, '011214', 'Dec', 'Q2', '2014'),
(520, '021214', 'Dec', 'Q2', '2014'),
(521, '031214', 'Dec', 'Q2', '2014'),
(522, '041214', 'Dec', 'Q2', '2014'),
(523, '051214', 'Dec', 'Q2', '2014'),
(524, '061214', 'Dec', 'Q2', '2014'),
(525, '071214', 'Dec', 'Q2', '2014'),
(526, '081214', 'Dec', 'Q2', '2014'),
(527, '091214', 'Dec', 'Q2', '2014'),
(528, '101214', 'Dec', 'Q2', '2014'),
(529, '111214', 'Dec', 'Q2', '2014'),
(530, '121214', 'Dec', 'Q2', '2014'),
(531, '131214', 'Dec', 'Q2', '2014'),
(532, '141214', 'Dec', 'Q2', '2014'),
(533, '151214', 'Dec', 'Q2', '2014'),
(534, '161214', 'Dec', 'Q2', '2014'),
(535, '171214', 'Dec', 'Q2', '2014'),
(536, '181214', 'Dec', 'Q2', '2014'),
(537, '191214', 'Dec', 'Q2', '2014'),
(538, '201214', 'Dec', 'Q2', '2014'),
(539, '211214', 'Dec', 'Q2', '2014'),
(540, '221214', 'Dec', 'Q2', '2014'),
(541, '231214', 'Dec', 'Q2', '2014'),
(542, '241214', 'Dec', 'Q2', '2014'),
(543, '251214', 'Dec', 'Q2', '2014'),
(544, '261214', 'Dec', 'Q2', '2014'),
(545, '271214', 'Dec', 'Q2', '2014'),
(546, '281214', 'Dec', 'Q2', '2014'),
(547, '291214', 'Dec', 'Q2', '2014'),
(548, '301214', 'Dec', 'Q2', '2014'),
(549, '311214', 'Dec', 'Q2', '2014'),
(550, '010115', 'Jan', 'Q3', '2015'),
(551, '020115', 'Jan', 'Q3', '2015'),
(552, '030115', 'Jan', 'Q3', '2015'),
(553, '040115', 'Jan', 'Q3', '2015'),
(554, '050115', 'Jan', 'Q3', '2015'),
(555, '060115', 'Jan', 'Q3', '2015'),
(556, '070115', 'Jan', 'Q3', '2015'),
(557, '080115', 'Jan', 'Q3', '2015'),
(558, '090115', 'Jan', 'Q3', '2015'),
(559, '100115', 'Jan', 'Q3', '2015'),
(560, '110115', 'Jan', 'Q3', '2015'),
(561, '120115', 'Jan', 'Q3', '2015'),
(562, '130115', 'Jan', 'Q3', '2015'),
(563, '140115', 'Jan', 'Q3', '2015'),
(564, '150115', 'Jan', 'Q3', '2015'),
(565, '160115', 'Jan', 'Q3', '2015'),
(566, '170115', 'Jan', 'Q3', '2015'),
(567, '180115', 'Jan', 'Q3', '2015'),
(568, '190115', 'Jan', 'Q3', '2015'),
(569, '200115', 'Jan', 'Q3', '2015'),
(570, '210115', 'Jan', 'Q3', '2015'),
(571, '220115', 'Jan', 'Q3', '2015'),
(572, '230115', 'Jan', 'Q3', '2015'),
(573, '240115', 'Jan', 'Q3', '2015'),
(574, '250115', 'Jan', 'Q3', '2015'),
(575, '260115', 'Jan', 'Q3', '2015'),
(576, '270115', 'Jan', 'Q3', '2015'),
(577, '280115', 'Jan', 'Q3', '2015'),
(578, '290115', 'Jan', 'Q3', '2015'),
(579, '300115', 'Jan', 'Q3', '2015'),
(580, '310115', 'Jan', 'Q3', '2015'),
(581, '010215', 'Feb', 'Q3', '2015'),
(582, '020215', 'Feb', 'Q3', '2015'),
(583, '030215', 'Feb', 'Q3', '2015'),
(584, '040215', 'Feb', 'Q3', '2015'),
(585, '050215', 'Feb', 'Q3', '2015'),
(586, '060215', 'Feb', 'Q3', '2015'),
(587, '070215', 'Feb', 'Q3', '2015'),
(588, '080215', 'Feb', 'Q3', '2015'),
(589, '090215', 'Feb', 'Q3', '2015'),
(590, '100215', 'Feb', 'Q3', '2015'),
(591, '110215', 'Feb', 'Q3', '2015'),
(592, '120215', 'Feb', 'Q3', '2015'),
(593, '130215', 'Feb', 'Q3', '2015'),
(594, '140215', 'Feb', 'Q3', '2015'),
(595, '150215', 'Feb', 'Q3', '2015'),
(596, '160215', 'Feb', 'Q3', '2015'),
(597, '170215', 'Feb', 'Q3', '2015'),
(598, '180215', 'Feb', 'Q3', '2015'),
(599, '190215', 'Feb', 'Q3', '2015'),
(600, '200215', 'Feb', 'Q3', '2015'),
(601, '210215', 'Feb', 'Q3', '2015'),
(602, '220215', 'Feb', 'Q3', '2015'),
(603, '230215', 'Feb', 'Q3', '2015'),
(604, '240215', 'Feb', 'Q3', '2015'),
(605, '250215', 'Feb', 'Q3', '2015'),
(606, '260215', 'Feb', 'Q3', '2015'),
(607, '270215', 'Feb', 'Q3', '2015'),
(608, '280215', 'Feb', 'Q3', '2015'),
(609, '010315', 'Mar', 'Q3', '2015'),
(610, '020315', 'Mar', 'Q3', '2015'),
(611, '030315', 'Mar', 'Q3', '2015'),
(612, '040315', 'Mar', 'Q3', '2015'),
(613, '050315', 'Mar', 'Q3', '2015'),
(614, '060315', 'Mar', 'Q3', '2015'),
(615, '070315', 'Mar', 'Q3', '2015'),
(616, '080315', 'Mar', 'Q3', '2015'),
(617, '090315', 'Mar', 'Q3', '2015'),
(618, '100315', 'Mar', 'Q3', '2015'),
(619, '110315', 'Mar', 'Q3', '2015'),
(620, '120315', 'Mar', 'Q3', '2015'),
(621, '130315', 'Mar', 'Q3', '2015'),
(622, '140315', 'Mar', 'Q3', '2015'),
(623, '150315', 'Mar', 'Q3', '2015'),
(624, '160315', 'Mar', 'Q3', '2015'),
(625, '170315', 'Mar', 'Q3', '2015'),
(626, '180315', 'Mar', 'Q3', '2015'),
(627, '190315', 'Mar', 'Q3', '2015'),
(628, '200315', 'Mar', 'Q3', '2015'),
(629, '210315', 'Mar', 'Q3', '2015'),
(630, '220315', 'Mar', 'Q3', '2015'),
(631, '230315', 'Mar', 'Q3', '2015'),
(632, '240315', 'Mar', 'Q3', '2015'),
(633, '250315', 'Mar', 'Q3', '2015'),
(634, '260315', 'Mar', 'Q3', '2015'),
(635, '270315', 'Mar', 'Q3', '2015'),
(636, '280315', 'Mar', 'Q3', '2015'),
(637, '290315', 'Mar', 'Q3', '2015'),
(638, '300315', 'Mar', 'Q3', '2015'),
(639, '310315', 'Mar', 'Q3', '2015'),
(640, '010415', 'Apr', 'Q4', '2015'),
(641, '020415', 'Apr', 'Q4', '2015'),
(642, '030415', 'Apr', 'Q4', '2015'),
(643, '040415', 'Apr', 'Q4', '2015'),
(644, '050415', 'Apr', 'Q4', '2015'),
(645, '060415', 'Apr', 'Q4', '2015'),
(646, '070415', 'Apr', 'Q4', '2015'),
(647, '080415', 'Apr', 'Q4', '2015'),
(648, '090415', 'Apr', 'Q4', '2015'),
(649, '100415', 'Apr', 'Q4', '2015'),
(650, '110415', 'Apr', 'Q4', '2015'),
(651, '120415', 'Apr', 'Q4', '2015'),
(652, '130415', 'Apr', 'Q4', '2015'),
(653, '140415', 'Apr', 'Q4', '2015'),
(654, '150415', 'Apr', 'Q4', '2015'),
(655, '160415', 'Apr', 'Q4', '2015'),
(656, '170415', 'Apr', 'Q4', '2015'),
(657, '180415', 'Apr', 'Q4', '2015'),
(658, '190415', 'Apr', 'Q4', '2015'),
(659, '200415', 'Apr', 'Q4', '2015'),
(660, '210415', 'Apr', 'Q4', '2015'),
(661, '220415', 'Apr', 'Q4', '2015'),
(662, '230415', 'Apr', 'Q4', '2015'),
(663, '240415', 'Apr', 'Q4', '2015'),
(664, '250415', 'Apr', 'Q4', '2015'),
(665, '260415', 'Apr', 'Q4', '2015'),
(666, '270415', 'Apr', 'Q4', '2015'),
(667, '280415', 'Apr', 'Q4', '2015'),
(668, '290415', 'Apr', 'Q4', '2015'),
(669, '300415', 'Apr', 'Q4', '2015'),
(670, '010515', 'May', 'Q4', '2015'),
(671, '020515', 'May', 'Q4', '2015'),
(672, '030515', 'May', 'Q4', '2015'),
(673, '040515', 'May', 'Q4', '2015'),
(674, '050515', 'May', 'Q4', '2015'),
(675, '060515', 'May', 'Q4', '2015'),
(676, '070515', 'May', 'Q4', '2015'),
(677, '080515', 'May', 'Q4', '2015'),
(678, '090515', 'May', 'Q4', '2015'),
(679, '100515', 'May', 'Q4', '2015'),
(680, '110515', 'May', 'Q4', '2015'),
(681, '120515', 'May', 'Q4', '2015'),
(682, '130515', 'May', 'Q4', '2015'),
(683, '140515', 'May', 'Q4', '2015'),
(684, '150515', 'May', 'Q4', '2015'),
(685, '160515', 'May', 'Q4', '2015'),
(686, '170515', 'May', 'Q4', '2015'),
(687, '180515', 'May', 'Q4', '2015'),
(688, '190515', 'May', 'Q4', '2015'),
(689, '200515', 'May', 'Q4', '2015'),
(690, '210515', 'May', 'Q4', '2015'),
(691, '220515', 'May', 'Q4', '2015'),
(692, '230515', 'May', 'Q4', '2015'),
(693, '240515', 'May', 'Q4', '2015'),
(694, '250515', 'May', 'Q4', '2015'),
(695, '260515', 'May', 'Q4', '2015'),
(696, '270515', 'May', 'Q4', '2015'),
(697, '280515', 'May', 'Q4', '2015'),
(698, '290515', 'May', 'Q4', '2015'),
(699, '300515', 'May', 'Q4', '2015'),
(700, '310515', 'May', 'Q4', '2015'),
(701, '010615', 'Jun', 'Q4', '2015'),
(702, '020615', 'Jun', 'Q4', '2015'),
(703, '030615', 'Jun', 'Q4', '2015'),
(704, '040615', 'Jun', 'Q4', '2015'),
(705, '050615', 'Jun', 'Q4', '2015'),
(706, '060615', 'Jun', 'Q4', '2015'),
(707, '070615', 'Jun', 'Q4', '2015'),
(708, '080615', 'Jun', 'Q4', '2015'),
(709, '090615', 'Jun', 'Q4', '2015'),
(710, '100615', 'Jun', 'Q4', '2015'),
(711, '110615', 'Jun', 'Q4', '2015'),
(712, '120615', 'Jun', 'Q4', '2015'),
(713, '130615', 'Jun', 'Q4', '2015'),
(714, '140615', 'Jun', 'Q4', '2015'),
(715, '150615', 'Jun', 'Q4', '2015'),
(716, '160615', 'Jun', 'Q4', '2015'),
(717, '170615', 'Jun', 'Q4', '2015'),
(718, '180615', 'Jun', 'Q4', '2015'),
(719, '190615', 'Jun', 'Q4', '2015'),
(720, '200615', 'Jun', 'Q4', '2015'),
(721, '210615', 'Jun', 'Q4', '2015'),
(722, '220615', 'Jun', 'Q4', '2015'),
(723, '230615', 'Jun', 'Q4', '2015'),
(724, '240615', 'Jun', 'Q4', '2015'),
(725, '250615', 'Jun', 'Q4', '2015'),
(726, '260615', 'Jun', 'Q4', '2015'),
(727, '270615', 'Jun', 'Q4', '2015'),
(728, '280615', 'Jun', 'Q4', '2015'),
(729, '290615', 'Jun', 'Q4', '2015'),
(730, '300615', 'Jun', 'Q4', '2015'),
(731, '010715', 'Jul', 'Q1', '2015'),
(732, '020715', 'Jul', 'Q1', '2015'),
(733, '030715', 'Jul', 'Q1', '2015'),
(734, '040715', 'Jul', 'Q1', '2015'),
(735, '050715', 'Jul', 'Q1', '2015'),
(736, '060715', 'Jul', 'Q1', '2015'),
(737, '070715', 'Jul', 'Q1', '2015'),
(738, '080715', 'Jul', 'Q1', '2015'),
(739, '090715', 'Jul', 'Q1', '2015'),
(740, '100715', 'Jul', 'Q1', '2015'),
(741, '110715', 'Jul', 'Q1', '2015'),
(742, '120715', 'Jul', 'Q1', '2015'),
(743, '130715', 'Jul', 'Q1', '2015'),
(744, '140715', 'Jul', 'Q1', '2015'),
(745, '150715', 'Jul', 'Q1', '2015'),
(746, '160715', 'Jul', 'Q1', '2015'),
(747, '170715', 'Jul', 'Q1', '2015'),
(748, '180715', 'Jul', 'Q1', '2015'),
(749, '190715', 'Jul', 'Q1', '2015'),
(750, '200715', 'Jul', 'Q1', '2015'),
(751, '210715', 'Jul', 'Q1', '2015'),
(752, '220715', 'Jul', 'Q1', '2015'),
(753, '230715', 'Jul', 'Q1', '2015'),
(754, '240715', 'Jul', 'Q1', '2015'),
(755, '250715', 'Jul', 'Q1', '2015'),
(756, '260715', 'Jul', 'Q1', '2015'),
(757, '270715', 'Jul', 'Q1', '2015'),
(758, '280715', 'Jul', 'Q1', '2015'),
(759, '290715', 'Jul', 'Q1', '2015'),
(760, '300715', 'Jul', 'Q1', '2015'),
(761, '310715', 'Jul', 'Q1', '2015'),
(762, '010815', 'Aug', 'Q1', '2015'),
(763, '020815', 'Aug', 'Q1', '2015'),
(764, '030815', 'Aug', 'Q1', '2015'),
(765, '040815', 'Aug', 'Q1', '2015'),
(766, '050815', 'Aug', 'Q1', '2015'),
(767, '060815', 'Aug', 'Q1', '2015'),
(768, '070815', 'Aug', 'Q1', '2015'),
(769, '080815', 'Aug', 'Q1', '2015'),
(770, '090815', 'Aug', 'Q1', '2015'),
(771, '100815', 'Aug', 'Q1', '2015'),
(772, '110815', 'Aug', 'Q1', '2015'),
(773, '120815', 'Aug', 'Q1', '2015'),
(774, '130815', 'Aug', 'Q1', '2015'),
(775, '140815', 'Aug', 'Q1', '2015'),
(776, '150815', 'Aug', 'Q1', '2015'),
(777, '160815', 'Aug', 'Q1', '2015'),
(778, '170815', 'Aug', 'Q1', '2015'),
(779, '180815', 'Aug', 'Q1', '2015'),
(780, '190815', 'Aug', 'Q1', '2015'),
(781, '200815', 'Aug', 'Q1', '2015'),
(782, '210815', 'Aug', 'Q1', '2015'),
(783, '220815', 'Aug', 'Q1', '2015'),
(784, '230815', 'Aug', 'Q1', '2015'),
(785, '240815', 'Aug', 'Q1', '2015'),
(786, '250815', 'Aug', 'Q1', '2015'),
(787, '260815', 'Aug', 'Q1', '2015'),
(788, '270815', 'Aug', 'Q1', '2015'),
(789, '280815', 'Aug', 'Q1', '2015'),
(790, '290815', 'Aug', 'Q1', '2015'),
(791, '300815', 'Aug', 'Q1', '2015'),
(792, '310815', 'Aug', 'Q1', '2015'),
(793, '010915', 'Sep', 'Q1', '2015'),
(794, '020915', 'Sep', 'Q1', '2015'),
(795, '030915', 'Sep', 'Q1', '2015'),
(796, '040915', 'Sep', 'Q1', '2015'),
(797, '050915', 'Sep', 'Q1', '2015'),
(798, '060915', 'Sep', 'Q1', '2015'),
(799, '070915', 'Sep', 'Q1', '2015'),
(800, '080915', 'Sep', 'Q1', '2015'),
(801, '090915', 'Sep', 'Q1', '2015'),
(802, '100915', 'Sep', 'Q1', '2015'),
(803, '110915', 'Sep', 'Q1', '2015'),
(804, '120915', 'Sep', 'Q1', '2015'),
(805, '130915', 'Sep', 'Q1', '2015'),
(806, '140915', 'Sep', 'Q1', '2015'),
(807, '150915', 'Sep', 'Q1', '2015'),
(808, '160915', 'Sep', 'Q1', '2015'),
(809, '170915', 'Sep', 'Q1', '2015'),
(810, '180915', 'Sep', 'Q1', '2015'),
(811, '190915', 'Sep', 'Q1', '2015'),
(812, '200915', 'Sep', 'Q1', '2015'),
(813, '210915', 'Sep', 'Q1', '2015'),
(814, '220915', 'Sep', 'Q1', '2015'),
(815, '230915', 'Sep', 'Q1', '2015'),
(816, '240915', 'Sep', 'Q1', '2015'),
(817, '250915', 'Sep', 'Q1', '2015'),
(818, '260915', 'Sep', 'Q1', '2015'),
(819, '270915', 'Sep', 'Q1', '2015'),
(820, '280915', 'Sep', 'Q1', '2015'),
(821, '290915', 'Sep', 'Q1', '2015'),
(822, '300915', 'Sep', 'Q1', '2015'),
(823, '011015', 'Oct', 'Q2', '2015'),
(824, '021015', 'Oct', 'Q2', '2015'),
(825, '031015', 'Oct', 'Q2', '2015'),
(826, '041015', 'Oct', 'Q2', '2015'),
(827, '051015', 'Oct', 'Q2', '2015'),
(828, '061015', 'Oct', 'Q2', '2015'),
(829, '071015', 'Oct', 'Q2', '2015'),
(830, '081015', 'Oct', 'Q2', '2015'),
(831, '091015', 'Oct', 'Q2', '2015'),
(832, '101015', 'Oct', 'Q2', '2015'),
(833, '111015', 'Oct', 'Q2', '2015'),
(834, '121015', 'Oct', 'Q2', '2015'),
(835, '131015', 'Oct', 'Q2', '2015'),
(836, '141015', 'Oct', 'Q2', '2015'),
(837, '151015', 'Oct', 'Q2', '2015'),
(838, '161015', 'Oct', 'Q2', '2015'),
(839, '171015', 'Oct', 'Q2', '2015'),
(840, '181015', 'Oct', 'Q2', '2015'),
(841, '191015', 'Oct', 'Q2', '2015'),
(842, '201015', 'Oct', 'Q2', '2015'),
(843, '211015', 'Oct', 'Q2', '2015'),
(844, '221015', 'Oct', 'Q2', '2015'),
(845, '231015', 'Oct', 'Q2', '2015'),
(846, '241015', 'Oct', 'Q2', '2015'),
(847, '251015', 'Oct', 'Q2', '2015'),
(848, '261015', 'Oct', 'Q2', '2015'),
(849, '271015', 'Oct', 'Q2', '2015'),
(850, '281015', 'Oct', 'Q2', '2015'),
(851, '291015', 'Oct', 'Q2', '2015'),
(852, '301015', 'Oct', 'Q2', '2015'),
(853, '311015', 'Oct', 'Q2', '2015'),
(854, '011115', 'Nov', 'Q2', '2015'),
(855, '021115', 'Nov', 'Q2', '2015'),
(856, '031115', 'Nov', 'Q2', '2015'),
(857, '041115', 'Nov', 'Q2', '2015'),
(858, '051115', 'Nov', 'Q2', '2015'),
(859, '061115', 'Nov', 'Q2', '2015'),
(860, '071115', 'Nov', 'Q2', '2015'),
(861, '081115', 'Nov', 'Q2', '2015'),
(862, '091115', 'Nov', 'Q2', '2015'),
(863, '101115', 'Nov', 'Q2', '2015'),
(864, '111115', 'Nov', 'Q2', '2015'),
(865, '121115', 'Nov', 'Q2', '2015'),
(866, '131115', 'Nov', 'Q2', '2015'),
(867, '141115', 'Nov', 'Q2', '2015'),
(868, '151115', 'Nov', 'Q2', '2015'),
(869, '161115', 'Nov', 'Q2', '2015'),
(870, '171115', 'Nov', 'Q2', '2015'),
(871, '181115', 'Nov', 'Q2', '2015'),
(872, '191115', 'Nov', 'Q2', '2015'),
(873, '201115', 'Nov', 'Q2', '2015'),
(874, '211115', 'Nov', 'Q2', '2015'),
(875, '221115', 'Nov', 'Q2', '2015'),
(876, '231115', 'Nov', 'Q2', '2015'),
(877, '241115', 'Nov', 'Q2', '2015'),
(878, '251115', 'Nov', 'Q2', '2015'),
(879, '261115', 'Nov', 'Q2', '2015'),
(880, '271115', 'Nov', 'Q2', '2015'),
(881, '281115', 'Nov', 'Q2', '2015'),
(882, '291115', 'Nov', 'Q2', '2015'),
(883, '301115', 'Nov', 'Q2', '2015'),
(884, '011215', 'Dec', 'Q2', '2015'),
(885, '021215', 'Dec', 'Q2', '2015'),
(886, '031215', 'Dec', 'Q2', '2015'),
(887, '041215', 'Dec', 'Q2', '2015'),
(888, '051215', 'Dec', 'Q2', '2015'),
(889, '061215', 'Dec', 'Q2', '2015'),
(890, '071215', 'Dec', 'Q2', '2015'),
(891, '081215', 'Dec', 'Q2', '2015'),
(892, '091215', 'Dec', 'Q2', '2015'),
(893, '101215', 'Dec', 'Q2', '2015'),
(894, '111215', 'Dec', 'Q2', '2015'),
(895, '121215', 'Dec', 'Q2', '2015'),
(896, '131215', 'Dec', 'Q2', '2015'),
(897, '141215', 'Dec', 'Q2', '2015'),
(898, '151215', 'Dec', 'Q2', '2015'),
(899, '161215', 'Dec', 'Q2', '2015'),
(900, '171215', 'Dec', 'Q2', '2015'),
(901, '181215', 'Dec', 'Q2', '2015'),
(902, '191215', 'Dec', 'Q2', '2015'),
(903, '201215', 'Dec', 'Q2', '2015'),
(904, '211215', 'Dec', 'Q2', '2015'),
(905, '221215', 'Dec', 'Q2', '2015'),
(906, '231215', 'Dec', 'Q2', '2015'),
(907, '241215', 'Dec', 'Q2', '2015'),
(908, '251215', 'Dec', 'Q2', '2015'),
(909, '261215', 'Dec', 'Q2', '2015'),
(910, '271215', 'Dec', 'Q2', '2015'),
(911, '281215', 'Dec', 'Q2', '2015'),
(912, '291215', 'Dec', 'Q2', '2015'),
(913, '301215', 'Dec', 'Q2', '2015'),
(914, '311215', 'Dec', 'Q2', '2015'),
(915, '010116', 'Jan', 'Q3', '2016'),
(916, '020116', 'Jan', 'Q3', '2016'),
(917, '030116', 'Jan', 'Q3', '2016'),
(918, '040116', 'Jan', 'Q3', '2016'),
(919, '050116', 'Jan', 'Q3', '2016'),
(920, '060116', 'Jan', 'Q3', '2016'),
(921, '070116', 'Jan', 'Q3', '2016'),
(922, '080116', 'Jan', 'Q3', '2016'),
(923, '090116', 'Jan', 'Q3', '2016'),
(924, '100116', 'Jan', 'Q3', '2016'),
(925, '110116', 'Jan', 'Q3', '2016'),
(926, '120116', 'Jan', 'Q3', '2016'),
(927, '130116', 'Jan', 'Q3', '2016'),
(928, '140116', 'Jan', 'Q3', '2016'),
(929, '150116', 'Jan', 'Q3', '2016'),
(930, '160116', 'Jan', 'Q3', '2016'),
(931, '170116', 'Jan', 'Q3', '2016'),
(932, '180116', 'Jan', 'Q3', '2016'),
(933, '190116', 'Jan', 'Q3', '2016'),
(934, '200116', 'Jan', 'Q3', '2016'),
(935, '210116', 'Jan', 'Q3', '2016'),
(936, '220116', 'Jan', 'Q3', '2016'),
(937, '230116', 'Jan', 'Q3', '2016'),
(938, '240116', 'Jan', 'Q3', '2016'),
(939, '250116', 'Jan', 'Q3', '2016'),
(940, '260116', 'Jan', 'Q3', '2016'),
(941, '270116', 'Jan', 'Q3', '2016'),
(942, '280116', 'Jan', 'Q3', '2016'),
(943, '290116', 'Jan', 'Q3', '2016'),
(944, '300116', 'Jan', 'Q3', '2016'),
(945, '310116', 'Jan', 'Q3', '2016'),
(946, '010216', 'Feb', 'Q3', '2016'),
(947, '020216', 'Feb', 'Q3', '2016'),
(948, '030216', 'Feb', 'Q3', '2016'),
(949, '040216', 'Feb', 'Q3', '2016'),
(950, '050216', 'Feb', 'Q3', '2016'),
(951, '060216', 'Feb', 'Q3', '2016'),
(952, '070216', 'Feb', 'Q3', '2016'),
(953, '080216', 'Feb', 'Q3', '2016'),
(954, '090216', 'Feb', 'Q3', '2016'),
(955, '100216', 'Feb', 'Q3', '2016'),
(956, '110216', 'Feb', 'Q3', '2016'),
(957, '120216', 'Feb', 'Q3', '2016'),
(958, '130216', 'Feb', 'Q3', '2016'),
(959, '140216', 'Feb', 'Q3', '2016'),
(960, '150216', 'Feb', 'Q3', '2016'),
(961, '160216', 'Feb', 'Q3', '2016'),
(962, '170216', 'Feb', 'Q3', '2016'),
(963, '180216', 'Feb', 'Q3', '2016'),
(964, '190216', 'Feb', 'Q3', '2016'),
(965, '200216', 'Feb', 'Q3', '2016'),
(966, '210216', 'Feb', 'Q3', '2016'),
(967, '220216', 'Feb', 'Q3', '2016'),
(968, '230216', 'Feb', 'Q3', '2016'),
(969, '240216', 'Feb', 'Q3', '2016'),
(970, '250216', 'Feb', 'Q3', '2016'),
(971, '260216', 'Feb', 'Q3', '2016'),
(972, '270216', 'Feb', 'Q3', '2016'),
(973, '280216', 'Feb', 'Q3', '2016'),
(974, '290216', 'Feb', 'Q3', '2016'),
(975, '010316', 'Mar', 'Q3', '2016'),
(976, '020316', 'Mar', 'Q3', '2016'),
(977, '030316', 'Mar', 'Q3', '2016'),
(978, '040316', 'Mar', 'Q3', '2016'),
(979, '050316', 'Mar', 'Q3', '2016'),
(980, '060316', 'Mar', 'Q3', '2016'),
(981, '070316', 'Mar', 'Q3', '2016'),
(982, '080316', 'Mar', 'Q3', '2016'),
(983, '090316', 'Mar', 'Q3', '2016'),
(984, '100316', 'Mar', 'Q3', '2016'),
(985, '110316', 'Mar', 'Q3', '2016'),
(986, '120316', 'Mar', 'Q3', '2016'),
(987, '130316', 'Mar', 'Q3', '2016'),
(988, '140316', 'Mar', 'Q3', '2016'),
(989, '150316', 'Mar', 'Q3', '2016'),
(990, '160316', 'Mar', 'Q3', '2016'),
(991, '170316', 'Mar', 'Q3', '2016'),
(992, '180316', 'Mar', 'Q3', '2016'),
(993, '190316', 'Mar', 'Q3', '2016'),
(994, '200316', 'Mar', 'Q3', '2016'),
(995, '210316', 'Mar', 'Q3', '2016'),
(996, '220316', 'Mar', 'Q3', '2016'),
(997, '230316', 'Mar', 'Q3', '2016'),
(998, '240316', 'Mar', 'Q3', '2016'),
(999, '250316', 'Mar', 'Q3', '2016'),
(1000, '260316', 'Mar', 'Q3', '2016'),
(1001, '270316', 'Mar', 'Q3', '2016'),
(1002, '280316', 'Mar', 'Q3', '2016'),
(1003, '290316', 'Mar', 'Q3', '2016'),
(1004, '300316', 'Mar', 'Q3', '2016'),
(1005, '310316', 'Mar', 'Q3', '2016'),
(1006, '010416', 'Apr', 'Q4', '2016'),
(1007, '020416', 'Apr', 'Q4', '2016'),
(1008, '030416', 'Apr', 'Q4', '2016'),
(1009, '040416', 'Apr', 'Q4', '2016'),
(1010, '050416', 'Apr', 'Q4', '2016'),
(1011, '060416', 'Apr', 'Q4', '2016'),
(1012, '070416', 'Apr', 'Q4', '2016'),
(1013, '080416', 'Apr', 'Q4', '2016'),
(1014, '090416', 'Apr', 'Q4', '2016'),
(1015, '100416', 'Apr', 'Q4', '2016'),
(1016, '110416', 'Apr', 'Q4', '2016'),
(1017, '120416', 'Apr', 'Q4', '2016'),
(1018, '130416', 'Apr', 'Q4', '2016'),
(1019, '140416', 'Apr', 'Q4', '2016'),
(1020, '150416', 'Apr', 'Q4', '2016'),
(1021, '160416', 'Apr', 'Q4', '2016'),
(1022, '170416', 'Apr', 'Q4', '2016'),
(1023, '180416', 'Apr', 'Q4', '2016'),
(1024, '190416', 'Apr', 'Q4', '2016'),
(1025, '200416', 'Apr', 'Q4', '2016'),
(1026, '210416', 'Apr', 'Q4', '2016'),
(1027, '220416', 'Apr', 'Q4', '2016'),
(1028, '230416', 'Apr', 'Q4', '2016'),
(1029, '240416', 'Apr', 'Q4', '2016'),
(1030, '250416', 'Apr', 'Q4', '2016'),
(1031, '260416', 'Apr', 'Q4', '2016'),
(1032, '270416', 'Apr', 'Q4', '2016'),
(1033, '280416', 'Apr', 'Q4', '2016'),
(1034, '290416', 'Apr', 'Q4', '2016'),
(1035, '300416', 'Apr', 'Q4', '2016'),
(1036, '010516', 'May', 'Q4', '2016'),
(1037, '020516', 'May', 'Q4', '2016'),
(1038, '030516', 'May', 'Q4', '2016'),
(1039, '040516', 'May', 'Q4', '2016'),
(1040, '050516', 'May', 'Q4', '2016'),
(1041, '060516', 'May', 'Q4', '2016'),
(1042, '070516', 'May', 'Q4', '2016'),
(1043, '080516', 'May', 'Q4', '2016'),
(1044, '090516', 'May', 'Q4', '2016'),
(1045, '100516', 'May', 'Q4', '2016'),
(1046, '110516', 'May', 'Q4', '2016'),
(1047, '120516', 'May', 'Q4', '2016'),
(1048, '130516', 'May', 'Q4', '2016'),
(1049, '140516', 'May', 'Q4', '2016'),
(1050, '150516', 'May', 'Q4', '2016'),
(1051, '160516', 'May', 'Q4', '2016'),
(1052, '170516', 'May', 'Q4', '2016'),
(1053, '180516', 'May', 'Q4', '2016'),
(1054, '190516', 'May', 'Q4', '2016'),
(1055, '200516', 'May', 'Q4', '2016'),
(1056, '210516', 'May', 'Q4', '2016'),
(1057, '220516', 'May', 'Q4', '2016'),
(1058, '230516', 'May', 'Q4', '2016'),
(1059, '240516', 'May', 'Q4', '2016'),
(1060, '250516', 'May', 'Q4', '2016'),
(1061, '260516', 'May', 'Q4', '2016'),
(1062, '270516', 'May', 'Q4', '2016'),
(1063, '280516', 'May', 'Q4', '2016'),
(1064, '290516', 'May', 'Q4', '2016'),
(1065, '300516', 'May', 'Q4', '2016'),
(1066, '310516', 'May', 'Q4', '2016'),
(1067, '010616', 'Jun', 'Q4', '2016'),
(1068, '020616', 'Jun', 'Q4', '2016'),
(1069, '030616', 'Jun', 'Q4', '2016'),
(1070, '040616', 'Jun', 'Q4', '2016'),
(1071, '050616', 'Jun', 'Q4', '2016'),
(1072, '060616', 'Jun', 'Q4', '2016'),
(1073, '070616', 'Jun', 'Q4', '2016'),
(1074, '080616', 'Jun', 'Q4', '2016'),
(1075, '090616', 'Jun', 'Q4', '2016'),
(1076, '100616', 'Jun', 'Q4', '2016'),
(1077, '110616', 'Jun', 'Q4', '2016'),
(1078, '120616', 'Jun', 'Q4', '2016'),
(1079, '130616', 'Jun', 'Q4', '2016'),
(1080, '140616', 'Jun', 'Q4', '2016'),
(1081, '150616', 'Jun', 'Q4', '2016'),
(1082, '160616', 'Jun', 'Q4', '2016'),
(1083, '170616', 'Jun', 'Q4', '2016'),
(1084, '180616', 'Jun', 'Q4', '2016'),
(1085, '190616', 'Jun', 'Q4', '2016'),
(1086, '200616', 'Jun', 'Q4', '2016'),
(1087, '210616', 'Jun', 'Q4', '2016'),
(1088, '220616', 'Jun', 'Q4', '2016'),
(1089, '230616', 'Jun', 'Q4', '2016'),
(1090, '240616', 'Jun', 'Q4', '2016'),
(1091, '250616', 'Jun', 'Q4', '2016'),
(1092, '260616', 'Jun', 'Q4', '2016'),
(1093, '270616', 'Jun', 'Q4', '2016'),
(1094, '280616', 'Jun', 'Q4', '2016'),
(1095, '290616', 'Jun', 'Q4', '2016'),
(1096, '300616', 'Jun', 'Q4', '2016'),
(1097, '010716', 'Jul', 'Q1', '2016'),
(1098, '020716', 'Jul', 'Q1', '2016'),
(1099, '030716', 'Jul', 'Q1', '2016'),
(1100, '040716', 'Jul', 'Q1', '2016'),
(1101, '050716', 'Jul', 'Q1', '2016'),
(1102, '060716', 'Jul', 'Q1', '2016'),
(1103, '070716', 'Jul', 'Q1', '2016'),
(1104, '080716', 'Jul', 'Q1', '2016'),
(1105, '090716', 'Jul', 'Q1', '2016'),
(1106, '100716', 'Jul', 'Q1', '2016'),
(1107, '110716', 'Jul', 'Q1', '2016'),
(1108, '120716', 'Jul', 'Q1', '2016'),
(1109, '130716', 'Jul', 'Q1', '2016'),
(1110, '140716', 'Jul', 'Q1', '2016'),
(1111, '150716', 'Jul', 'Q1', '2016'),
(1112, '160716', 'Jul', 'Q1', '2016'),
(1113, '170716', 'Jul', 'Q1', '2016'),
(1114, '180716', 'Jul', 'Q1', '2016'),
(1115, '190716', 'Jul', 'Q1', '2016'),
(1116, '200716', 'Jul', 'Q1', '2016'),
(1117, '210716', 'Jul', 'Q1', '2016'),
(1118, '220716', 'Jul', 'Q1', '2016'),
(1119, '230716', 'Jul', 'Q1', '2016'),
(1120, '240716', 'Jul', 'Q1', '2016'),
(1121, '250716', 'Jul', 'Q1', '2016'),
(1122, '260716', 'Jul', 'Q1', '2016'),
(1123, '270716', 'Jul', 'Q1', '2016'),
(1124, '280716', 'Jul', 'Q1', '2016'),
(1125, '290716', 'Jul', 'Q1', '2016'),
(1126, '300716', 'Jul', 'Q1', '2016'),
(1127, '310716', 'Jul', 'Q1', '2016'),
(1128, '010816', 'Aug', 'Q1', '2016'),
(1129, '020816', 'Aug', 'Q1', '2016'),
(1130, '030816', 'Aug', 'Q1', '2016'),
(1131, '040816', 'Aug', 'Q1', '2016'),
(1132, '050816', 'Aug', 'Q1', '2016'),
(1133, '060816', 'Aug', 'Q1', '2016'),
(1134, '070816', 'Aug', 'Q1', '2016'),
(1135, '080816', 'Aug', 'Q1', '2016'),
(1136, '090816', 'Aug', 'Q1', '2016'),
(1137, '100816', 'Aug', 'Q1', '2016'),
(1138, '110816', 'Aug', 'Q1', '2016'),
(1139, '120816', 'Aug', 'Q1', '2016'),
(1140, '130816', 'Aug', 'Q1', '2016'),
(1141, '140816', 'Aug', 'Q1', '2016'),
(1142, '150816', 'Aug', 'Q1', '2016'),
(1143, '160816', 'Aug', 'Q1', '2016'),
(1144, '170816', 'Aug', 'Q1', '2016'),
(1145, '180816', 'Aug', 'Q1', '2016'),
(1146, '190816', 'Aug', 'Q1', '2016'),
(1147, '200816', 'Aug', 'Q1', '2016'),
(1148, '210816', 'Aug', 'Q1', '2016'),
(1149, '220816', 'Aug', 'Q1', '2016'),
(1150, '230816', 'Aug', 'Q1', '2016'),
(1151, '240816', 'Aug', 'Q1', '2016'),
(1152, '250816', 'Aug', 'Q1', '2016'),
(1153, '260816', 'Aug', 'Q1', '2016'),
(1154, '270816', 'Aug', 'Q1', '2016'),
(1155, '280816', 'Aug', 'Q1', '2016'),
(1156, '290816', 'Aug', 'Q1', '2016'),
(1157, '300816', 'Aug', 'Q1', '2016'),
(1158, '310816', 'Aug', 'Q1', '2016'),
(1159, '010916', 'Sep', 'Q1', '2016'),
(1160, '020916', 'Sep', 'Q1', '2016'),
(1161, '030916', 'Sep', 'Q1', '2016'),
(1162, '040916', 'Sep', 'Q1', '2016'),
(1163, '050916', 'Sep', 'Q1', '2016'),
(1164, '060916', 'Sep', 'Q1', '2016'),
(1165, '070916', 'Sep', 'Q1', '2016'),
(1166, '080916', 'Sep', 'Q1', '2016'),
(1167, '090916', 'Sep', 'Q1', '2016'),
(1168, '100916', 'Sep', 'Q1', '2016'),
(1169, '110916', 'Sep', 'Q1', '2016'),
(1170, '120916', 'Sep', 'Q1', '2016'),
(1171, '130916', 'Sep', 'Q1', '2016'),
(1172, '140916', 'Sep', 'Q1', '2016'),
(1173, '150916', 'Sep', 'Q1', '2016'),
(1174, '160916', 'Sep', 'Q1', '2016'),
(1175, '170916', 'Sep', 'Q1', '2016'),
(1176, '180916', 'Sep', 'Q1', '2016'),
(1177, '190916', 'Sep', 'Q1', '2016'),
(1178, '200916', 'Sep', 'Q1', '2016'),
(1179, '210916', 'Sep', 'Q1', '2016'),
(1180, '220916', 'Sep', 'Q1', '2016'),
(1181, '230916', 'Sep', 'Q1', '2016'),
(1182, '240916', 'Sep', 'Q1', '2016'),
(1183, '250916', 'Sep', 'Q1', '2016'),
(1184, '260916', 'Sep', 'Q1', '2016'),
(1185, '270916', 'Sep', 'Q1', '2016'),
(1186, '280916', 'Sep', 'Q1', '2016'),
(1187, '290916', 'Sep', 'Q1', '2016'),
(1188, '300916', 'Sep', 'Q1', '2016'),
(1189, '011016', 'Oct', 'Q2', '2016'),
(1190, '021016', 'Oct', 'Q2', '2016'),
(1191, '031016', 'Oct', 'Q2', '2016'),
(1192, '041016', 'Oct', 'Q2', '2016'),
(1193, '051016', 'Oct', 'Q2', '2016'),
(1194, '061016', 'Oct', 'Q2', '2016'),
(1195, '071016', 'Oct', 'Q2', '2016'),
(1196, '081016', 'Oct', 'Q2', '2016'),
(1197, '091016', 'Oct', 'Q2', '2016'),
(1198, '101016', 'Oct', 'Q2', '2016'),
(1199, '111016', 'Oct', 'Q2', '2016'),
(1200, '121016', 'Oct', 'Q2', '2016'),
(1201, '131016', 'Oct', 'Q2', '2016'),
(1202, '141016', 'Oct', 'Q2', '2016'),
(1203, '151016', 'Oct', 'Q2', '2016'),
(1204, '161016', 'Oct', 'Q2', '2016'),
(1205, '171016', 'Oct', 'Q2', '2016'),
(1206, '181016', 'Oct', 'Q2', '2016'),
(1207, '191016', 'Oct', 'Q2', '2016'),
(1208, '201016', 'Oct', 'Q2', '2016'),
(1209, '211016', 'Oct', 'Q2', '2016'),
(1210, '221016', 'Oct', 'Q2', '2016'),
(1211, '231016', 'Oct', 'Q2', '2016'),
(1212, '241016', 'Oct', 'Q2', '2016'),
(1213, '251016', 'Oct', 'Q2', '2016'),
(1214, '261016', 'Oct', 'Q2', '2016'),
(1215, '271016', 'Oct', 'Q2', '2016'),
(1216, '281016', 'Oct', 'Q2', '2016'),
(1217, '291016', 'Oct', 'Q2', '2016'),
(1218, '301016', 'Oct', 'Q2', '2016'),
(1219, '311016', 'Oct', 'Q2', '2016'),
(1220, '011116', 'Nov', 'Q2', '2016'),
(1221, '021116', 'Nov', 'Q2', '2016'),
(1222, '031116', 'Nov', 'Q2', '2016'),
(1223, '041116', 'Nov', 'Q2', '2016'),
(1224, '051116', 'Nov', 'Q2', '2016'),
(1225, '061116', 'Nov', 'Q2', '2016'),
(1226, '071116', 'Nov', 'Q2', '2016'),
(1227, '081116', 'Nov', 'Q2', '2016'),
(1228, '091116', 'Nov', 'Q2', '2016'),
(1229, '101116', 'Nov', 'Q2', '2016'),
(1230, '111116', 'Nov', 'Q2', '2016'),
(1231, '121116', 'Nov', 'Q2', '2016'),
(1232, '131116', 'Nov', 'Q2', '2016'),
(1233, '141116', 'Nov', 'Q2', '2016'),
(1234, '151116', 'Nov', 'Q2', '2016'),
(1235, '161116', 'Nov', 'Q2', '2016'),
(1236, '171116', 'Nov', 'Q2', '2016'),
(1237, '181116', 'Nov', 'Q2', '2016'),
(1238, '191116', 'Nov', 'Q2', '2016'),
(1239, '201116', 'Nov', 'Q2', '2016'),
(1240, '211116', 'Nov', 'Q2', '2016'),
(1241, '221116', 'Nov', 'Q2', '2016'),
(1242, '231116', 'Nov', 'Q2', '2016'),
(1243, '241116', 'Nov', 'Q2', '2016'),
(1244, '251116', 'Nov', 'Q2', '2016'),
(1245, '261116', 'Nov', 'Q2', '2016'),
(1246, '271116', 'Nov', 'Q2', '2016'),
(1247, '281116', 'Nov', 'Q2', '2016'),
(1248, '291116', 'Nov', 'Q2', '2016'),
(1249, '301116', 'Nov', 'Q2', '2016'),
(1250, '011216', 'Dec', 'Q2', '2016'),
(1251, '021216', 'Dec', 'Q2', '2016'),
(1252, '031216', 'Dec', 'Q2', '2016'),
(1253, '041216', 'Dec', 'Q2', '2016'),
(1254, '051216', 'Dec', 'Q2', '2016'),
(1255, '061216', 'Dec', 'Q2', '2016'),
(1256, '071216', 'Dec', 'Q2', '2016'),
(1257, '081216', 'Dec', 'Q2', '2016'),
(1258, '091216', 'Dec', 'Q2', '2016'),
(1259, '101216', 'Dec', 'Q2', '2016'),
(1260, '111216', 'Dec', 'Q2', '2016'),
(1261, '121216', 'Dec', 'Q2', '2016'),
(1262, '131216', 'Dec', 'Q2', '2016'),
(1263, '141216', 'Dec', 'Q2', '2016'),
(1264, '151216', 'Dec', 'Q2', '2016'),
(1265, '161216', 'Dec', 'Q2', '2016'),
(1266, '171216', 'Dec', 'Q2', '2016'),
(1267, '181216', 'Dec', 'Q2', '2016'),
(1268, '191216', 'Dec', 'Q2', '2016'),
(1269, '201216', 'Dec', 'Q2', '2016'),
(1270, '211216', 'Dec', 'Q2', '2016'),
(1271, '221216', 'Dec', 'Q2', '2016'),
(1272, '231216', 'Dec', 'Q2', '2016'),
(1273, '241216', 'Dec', 'Q2', '2016'),
(1274, '251216', 'Dec', 'Q2', '2016'),
(1275, '261216', 'Dec', 'Q2', '2016'),
(1276, '271216', 'Dec', 'Q2', '2016'),
(1277, '281216', 'Dec', 'Q2', '2016'),
(1278, '291216', 'Dec', 'Q2', '2016'),
(1279, '301216', 'Dec', 'Q2', '2016'),
(1280, '311216', 'Dec', 'Q2', '2016'),
(1281, '010117', 'Jan', 'Q3', '2017'),
(1282, '020117', 'Jan', 'Q3', '2017'),
(1283, '030117', 'Jan', 'Q3', '2017'),
(1284, '040117', 'Jan', 'Q3', '2017'),
(1285, '050117', 'Jan', 'Q3', '2017'),
(1286, '060117', 'Jan', 'Q3', '2017'),
(1287, '070117', 'Jan', 'Q3', '2017'),
(1288, '080117', 'Jan', 'Q3', '2017'),
(1289, '090117', 'Jan', 'Q3', '2017'),
(1290, '100117', 'Jan', 'Q3', '2017'),
(1291, '110117', 'Jan', 'Q3', '2017'),
(1292, '120117', 'Jan', 'Q3', '2017'),
(1293, '130117', 'Jan', 'Q3', '2017'),
(1294, '140117', 'Jan', 'Q3', '2017'),
(1295, '150117', 'Jan', 'Q3', '2017'),
(1296, '160117', 'Jan', 'Q3', '2017'),
(1297, '170117', 'Jan', 'Q3', '2017'),
(1298, '180117', 'Jan', 'Q3', '2017'),
(1299, '190117', 'Jan', 'Q3', '2017'),
(1300, '200117', 'Jan', 'Q3', '2017'),
(1301, '210117', 'Jan', 'Q3', '2017'),
(1302, '220117', 'Jan', 'Q3', '2017'),
(1303, '230117', 'Jan', 'Q3', '2017'),
(1304, '240117', 'Jan', 'Q3', '2017'),
(1305, '250117', 'Jan', 'Q3', '2017'),
(1306, '260117', 'Jan', 'Q3', '2017'),
(1307, '270117', 'Jan', 'Q3', '2017'),
(1308, '280117', 'Jan', 'Q3', '2017'),
(1309, '290117', 'Jan', 'Q3', '2017'),
(1310, '300117', 'Jan', 'Q3', '2017'),
(1311, '310117', 'Jan', 'Q3', '2017'),
(1312, '010217', 'Feb', 'Q3', '2017'),
(1313, '020217', 'Feb', 'Q3', '2017'),
(1314, '030217', 'Feb', 'Q3', '2017'),
(1315, '040217', 'Feb', 'Q3', '2017'),
(1316, '050217', 'Feb', 'Q3', '2017'),
(1317, '060217', 'Feb', 'Q3', '2017'),
(1318, '070217', 'Feb', 'Q3', '2017'),
(1319, '080217', 'Feb', 'Q3', '2017'),
(1320, '090217', 'Feb', 'Q3', '2017'),
(1321, '100217', 'Feb', 'Q3', '2017'),
(1322, '110217', 'Feb', 'Q3', '2017'),
(1323, '120217', 'Feb', 'Q3', '2017'),
(1324, '130217', 'Feb', 'Q3', '2017'),
(1325, '140217', 'Feb', 'Q3', '2017'),
(1326, '150217', 'Feb', 'Q3', '2017'),
(1327, '160217', 'Feb', 'Q3', '2017'),
(1328, '170217', 'Feb', 'Q3', '2017'),
(1329, '180217', 'Feb', 'Q3', '2017'),
(1330, '190217', 'Feb', 'Q3', '2017'),
(1331, '200217', 'Feb', 'Q3', '2017'),
(1332, '210217', 'Feb', 'Q3', '2017'),
(1333, '220217', 'Feb', 'Q3', '2017'),
(1334, '230217', 'Feb', 'Q3', '2017'),
(1335, '240217', 'Feb', 'Q3', '2017'),
(1336, '250217', 'Feb', 'Q3', '2017'),
(1337, '260217', 'Feb', 'Q3', '2017'),
(1338, '270217', 'Feb', 'Q3', '2017'),
(1339, '280217', 'Feb', 'Q3', '2017'),
(1340, '010317', 'Mar', 'Q3', '2017'),
(1341, '020317', 'Mar', 'Q3', '2017'),
(1342, '030317', 'Mar', 'Q3', '2017'),
(1343, '040317', 'Mar', 'Q3', '2017'),
(1344, '050317', 'Mar', 'Q3', '2017'),
(1345, '060317', 'Mar', 'Q3', '2017'),
(1346, '070317', 'Mar', 'Q3', '2017'),
(1347, '080317', 'Mar', 'Q3', '2017'),
(1348, '090317', 'Mar', 'Q3', '2017'),
(1349, '100317', 'Mar', 'Q3', '2017'),
(1350, '110317', 'Mar', 'Q3', '2017'),
(1351, '120317', 'Mar', 'Q3', '2017'),
(1352, '130317', 'Mar', 'Q3', '2017'),
(1353, '140317', 'Mar', 'Q3', '2017'),
(1354, '150317', 'Mar', 'Q3', '2017'),
(1355, '160317', 'Mar', 'Q3', '2017'),
(1356, '170317', 'Mar', 'Q3', '2017'),
(1357, '180317', 'Mar', 'Q3', '2017'),
(1358, '190317', 'Mar', 'Q3', '2017'),
(1359, '200317', 'Mar', 'Q3', '2017'),
(1360, '210317', 'Mar', 'Q3', '2017'),
(1361, '220317', 'Mar', 'Q3', '2017'),
(1362, '230317', 'Mar', 'Q3', '2017'),
(1363, '240317', 'Mar', 'Q3', '2017'),
(1364, '250317', 'Mar', 'Q3', '2017'),
(1365, '260317', 'Mar', 'Q3', '2017'),
(1366, '270317', 'Mar', 'Q3', '2017'),
(1367, '280317', 'Mar', 'Q3', '2017'),
(1368, '290317', 'Mar', 'Q3', '2017'),
(1369, '300317', 'Mar', 'Q3', '2017'),
(1370, '310317', 'Mar', 'Q3', '2017'),
(1371, '010417', 'Apr', 'Q4', '2017'),
(1372, '020417', 'Apr', 'Q4', '2017'),
(1373, '030417', 'Apr', 'Q4', '2017'),
(1374, '040417', 'Apr', 'Q4', '2017'),
(1375, '050417', 'Apr', 'Q4', '2017'),
(1376, '060417', 'Apr', 'Q4', '2017'),
(1377, '070417', 'Apr', 'Q4', '2017'),
(1378, '080417', 'Apr', 'Q4', '2017');
INSERT INTO `tbl_time_dimension` (`id`, `daytimekey`, `daymonth`, `dayquarter`, `dayyear`) VALUES
(1379, '090417', 'Apr', 'Q4', '2017'),
(1380, '100417', 'Apr', 'Q4', '2017'),
(1381, '110417', 'Apr', 'Q4', '2017'),
(1382, '120417', 'Apr', 'Q4', '2017'),
(1383, '130417', 'Apr', 'Q4', '2017'),
(1384, '140417', 'Apr', 'Q4', '2017'),
(1385, '150417', 'Apr', 'Q4', '2017'),
(1386, '160417', 'Apr', 'Q4', '2017'),
(1387, '170417', 'Apr', 'Q4', '2017'),
(1388, '180417', 'Apr', 'Q4', '2017'),
(1389, '190417', 'Apr', 'Q4', '2017'),
(1390, '200417', 'Apr', 'Q4', '2017'),
(1391, '210417', 'Apr', 'Q4', '2017'),
(1392, '220417', 'Apr', 'Q4', '2017'),
(1393, '230417', 'Apr', 'Q4', '2017'),
(1394, '240417', 'Apr', 'Q4', '2017'),
(1395, '250417', 'Apr', 'Q4', '2017'),
(1396, '260417', 'Apr', 'Q4', '2017'),
(1397, '270417', 'Apr', 'Q4', '2017'),
(1398, '280417', 'Apr', 'Q4', '2017'),
(1399, '290417', 'Apr', 'Q4', '2017'),
(1400, '300417', 'Apr', 'Q4', '2017'),
(1401, '010517', 'May', 'Q4', '2017'),
(1402, '020517', 'May', 'Q4', '2017'),
(1403, '030517', 'May', 'Q4', '2017'),
(1404, '040517', 'May', 'Q4', '2017'),
(1405, '050517', 'May', 'Q4', '2017'),
(1406, '060517', 'May', 'Q4', '2017'),
(1407, '070517', 'May', 'Q4', '2017'),
(1408, '080517', 'May', 'Q4', '2017'),
(1409, '090517', 'May', 'Q4', '2017'),
(1410, '100517', 'May', 'Q4', '2017'),
(1411, '110517', 'May', 'Q4', '2017'),
(1412, '120517', 'May', 'Q4', '2017'),
(1413, '130517', 'May', 'Q4', '2017'),
(1414, '140517', 'May', 'Q4', '2017'),
(1415, '150517', 'May', 'Q4', '2017'),
(1416, '160517', 'May', 'Q4', '2017'),
(1417, '170517', 'May', 'Q4', '2017'),
(1418, '180517', 'May', 'Q4', '2017'),
(1419, '190517', 'May', 'Q4', '2017'),
(1420, '200517', 'May', 'Q4', '2017'),
(1421, '210517', 'May', 'Q4', '2017'),
(1422, '220517', 'May', 'Q4', '2017'),
(1423, '230517', 'May', 'Q4', '2017'),
(1424, '240517', 'May', 'Q4', '2017'),
(1425, '250517', 'May', 'Q4', '2017'),
(1426, '260517', 'May', 'Q4', '2017'),
(1427, '270517', 'May', 'Q4', '2017'),
(1428, '280517', 'May', 'Q4', '2017'),
(1429, '290517', 'May', 'Q4', '2017'),
(1430, '300517', 'May', 'Q4', '2017'),
(1431, '310517', 'May', 'Q4', '2017'),
(1432, '010617', 'Jun', 'Q4', '2017'),
(1433, '020617', 'Jun', 'Q4', '2017'),
(1434, '030617', 'Jun', 'Q4', '2017'),
(1435, '040617', 'Jun', 'Q4', '2017'),
(1436, '050617', 'Jun', 'Q4', '2017'),
(1437, '060617', 'Jun', 'Q4', '2017'),
(1438, '070617', 'Jun', 'Q4', '2017'),
(1439, '080617', 'Jun', 'Q4', '2017'),
(1440, '090617', 'Jun', 'Q4', '2017'),
(1441, '100617', 'Jun', 'Q4', '2017'),
(1442, '110617', 'Jun', 'Q4', '2017'),
(1443, '120617', 'Jun', 'Q4', '2017'),
(1444, '130617', 'Jun', 'Q4', '2017'),
(1445, '140617', 'Jun', 'Q4', '2017'),
(1446, '150617', 'Jun', 'Q4', '2017'),
(1447, '160617', 'Jun', 'Q4', '2017'),
(1448, '170617', 'Jun', 'Q4', '2017'),
(1449, '180617', 'Jun', 'Q4', '2017'),
(1450, '190617', 'Jun', 'Q4', '2017'),
(1451, '200617', 'Jun', 'Q4', '2017'),
(1452, '210617', 'Jun', 'Q4', '2017'),
(1453, '220617', 'Jun', 'Q4', '2017'),
(1454, '230617', 'Jun', 'Q4', '2017'),
(1455, '240617', 'Jun', 'Q4', '2017'),
(1456, '250617', 'Jun', 'Q4', '2017'),
(1457, '260617', 'Jun', 'Q4', '2017'),
(1458, '270617', 'Jun', 'Q4', '2017'),
(1459, '280617', 'Jun', 'Q4', '2017'),
(1460, '290617', 'Jun', 'Q4', '2017'),
(1461, '300617', 'Jun', 'Q4', '2017'),
(1462, '010717', 'Jul', 'Q1', '2017'),
(1463, '020717', 'Jul', 'Q1', '2017'),
(1464, '030717', 'Jul', 'Q1', '2017'),
(1465, '040717', 'Jul', 'Q1', '2017'),
(1466, '050717', 'Jul', 'Q1', '2017'),
(1467, '060717', 'Jul', 'Q1', '2017'),
(1468, '070717', 'Jul', 'Q1', '2017'),
(1469, '080717', 'Jul', 'Q1', '2017'),
(1470, '090717', 'Jul', 'Q1', '2017'),
(1471, '100717', 'Jul', 'Q1', '2017'),
(1472, '110717', 'Jul', 'Q1', '2017'),
(1473, '120717', 'Jul', 'Q1', '2017'),
(1474, '130717', 'Jul', 'Q1', '2017'),
(1475, '140717', 'Jul', 'Q1', '2017'),
(1476, '150717', 'Jul', 'Q1', '2017'),
(1477, '160717', 'Jul', 'Q1', '2017'),
(1478, '170717', 'Jul', 'Q1', '2017'),
(1479, '180717', 'Jul', 'Q1', '2017'),
(1480, '190717', 'Jul', 'Q1', '2017'),
(1481, '200717', 'Jul', 'Q1', '2017'),
(1482, '210717', 'Jul', 'Q1', '2017'),
(1483, '220717', 'Jul', 'Q1', '2017'),
(1484, '230717', 'Jul', 'Q1', '2017'),
(1485, '240717', 'Jul', 'Q1', '2017'),
(1486, '250717', 'Jul', 'Q1', '2017'),
(1487, '260717', 'Jul', 'Q1', '2017'),
(1488, '270717', 'Jul', 'Q1', '2017'),
(1489, '280717', 'Jul', 'Q1', '2017'),
(1490, '290717', 'Jul', 'Q1', '2017'),
(1491, '300717', 'Jul', 'Q1', '2017'),
(1492, '310717', 'Jul', 'Q1', '2017'),
(1493, '010817', 'Aug', 'Q1', '2017'),
(1494, '020817', 'Aug', 'Q1', '2017'),
(1495, '030817', 'Aug', 'Q1', '2017'),
(1496, '040817', 'Aug', 'Q1', '2017'),
(1497, '050817', 'Aug', 'Q1', '2017'),
(1498, '060817', 'Aug', 'Q1', '2017'),
(1499, '070817', 'Aug', 'Q1', '2017'),
(1500, '080817', 'Aug', 'Q1', '2017'),
(1501, '090817', 'Aug', 'Q1', '2017'),
(1502, '100817', 'Aug', 'Q1', '2017'),
(1503, '110817', 'Aug', 'Q1', '2017'),
(1504, '120817', 'Aug', 'Q1', '2017'),
(1505, '130817', 'Aug', 'Q1', '2017'),
(1506, '140817', 'Aug', 'Q1', '2017'),
(1507, '150817', 'Aug', 'Q1', '2017'),
(1508, '160817', 'Aug', 'Q1', '2017'),
(1509, '170817', 'Aug', 'Q1', '2017'),
(1510, '180817', 'Aug', 'Q1', '2017'),
(1511, '190817', 'Aug', 'Q1', '2017'),
(1512, '200817', 'Aug', 'Q1', '2017'),
(1513, '210817', 'Aug', 'Q1', '2017'),
(1514, '220817', 'Aug', 'Q1', '2017'),
(1515, '230817', 'Aug', 'Q1', '2017'),
(1516, '240817', 'Aug', 'Q1', '2017'),
(1517, '250817', 'Aug', 'Q1', '2017'),
(1518, '260817', 'Aug', 'Q1', '2017'),
(1519, '270817', 'Aug', 'Q1', '2017'),
(1520, '280817', 'Aug', 'Q1', '2017'),
(1521, '290817', 'Aug', 'Q1', '2017'),
(1522, '300817', 'Aug', 'Q1', '2017'),
(1523, '310817', 'Aug', 'Q1', '2017'),
(1524, '010917', 'Sep', 'Q1', '2017'),
(1525, '020917', 'Sep', 'Q1', '2017'),
(1526, '030917', 'Sep', 'Q1', '2017'),
(1527, '040917', 'Sep', 'Q1', '2017'),
(1528, '050917', 'Sep', 'Q1', '2017'),
(1529, '060917', 'Sep', 'Q1', '2017'),
(1530, '070917', 'Sep', 'Q1', '2017'),
(1531, '080917', 'Sep', 'Q1', '2017'),
(1532, '090917', 'Sep', 'Q1', '2017'),
(1533, '100917', 'Sep', 'Q1', '2017'),
(1534, '110917', 'Sep', 'Q1', '2017'),
(1535, '120917', 'Sep', 'Q1', '2017'),
(1536, '130917', 'Sep', 'Q1', '2017'),
(1537, '140917', 'Sep', 'Q1', '2017'),
(1538, '150917', 'Sep', 'Q1', '2017'),
(1539, '160917', 'Sep', 'Q1', '2017'),
(1540, '170917', 'Sep', 'Q1', '2017'),
(1541, '180917', 'Sep', 'Q1', '2017'),
(1542, '190917', 'Sep', 'Q1', '2017'),
(1543, '200917', 'Sep', 'Q1', '2017'),
(1544, '210917', 'Sep', 'Q1', '2017'),
(1545, '220917', 'Sep', 'Q1', '2017'),
(1546, '230917', 'Sep', 'Q1', '2017'),
(1547, '240917', 'Sep', 'Q1', '2017'),
(1548, '250917', 'Sep', 'Q1', '2017'),
(1549, '260917', 'Sep', 'Q1', '2017'),
(1550, '270917', 'Sep', 'Q1', '2017'),
(1551, '280917', 'Sep', 'Q1', '2017'),
(1552, '290917', 'Sep', 'Q1', '2017'),
(1553, '300917', 'Sep', 'Q1', '2017'),
(1554, '011017', 'Oct', 'Q2', '2017'),
(1555, '021017', 'Oct', 'Q2', '2017'),
(1556, '031017', 'Oct', 'Q2', '2017'),
(1557, '041017', 'Oct', 'Q2', '2017'),
(1558, '051017', 'Oct', 'Q2', '2017'),
(1559, '061017', 'Oct', 'Q2', '2017'),
(1560, '071017', 'Oct', 'Q2', '2017'),
(1561, '081017', 'Oct', 'Q2', '2017'),
(1562, '091017', 'Oct', 'Q2', '2017'),
(1563, '101017', 'Oct', 'Q2', '2017'),
(1564, '111017', 'Oct', 'Q2', '2017'),
(1565, '121017', 'Oct', 'Q2', '2017'),
(1566, '131017', 'Oct', 'Q2', '2017'),
(1567, '141017', 'Oct', 'Q2', '2017'),
(1568, '151017', 'Oct', 'Q2', '2017'),
(1569, '161017', 'Oct', 'Q2', '2017'),
(1570, '171017', 'Oct', 'Q2', '2017'),
(1571, '181017', 'Oct', 'Q2', '2017'),
(1572, '191017', 'Oct', 'Q2', '2017'),
(1573, '201017', 'Oct', 'Q2', '2017'),
(1574, '211017', 'Oct', 'Q2', '2017'),
(1575, '221017', 'Oct', 'Q2', '2017'),
(1576, '231017', 'Oct', 'Q2', '2017'),
(1577, '241017', 'Oct', 'Q2', '2017'),
(1578, '251017', 'Oct', 'Q2', '2017'),
(1579, '261017', 'Oct', 'Q2', '2017'),
(1580, '271017', 'Oct', 'Q2', '2017'),
(1581, '281017', 'Oct', 'Q2', '2017'),
(1582, '291017', 'Oct', 'Q2', '2017'),
(1583, '301017', 'Oct', 'Q2', '2017'),
(1584, '311017', 'Oct', 'Q2', '2017'),
(1585, '011117', 'Nov', 'Q2', '2017'),
(1586, '021117', 'Nov', 'Q2', '2017'),
(1587, '031117', 'Nov', 'Q2', '2017'),
(1588, '041117', 'Nov', 'Q2', '2017'),
(1589, '051117', 'Nov', 'Q2', '2017'),
(1590, '061117', 'Nov', 'Q2', '2017'),
(1591, '071117', 'Nov', 'Q2', '2017'),
(1592, '081117', 'Nov', 'Q2', '2017'),
(1593, '091117', 'Nov', 'Q2', '2017'),
(1594, '101117', 'Nov', 'Q2', '2017'),
(1595, '111117', 'Nov', 'Q2', '2017'),
(1596, '121117', 'Nov', 'Q2', '2017'),
(1597, '131117', 'Nov', 'Q2', '2017'),
(1598, '141117', 'Nov', 'Q2', '2017'),
(1599, '151117', 'Nov', 'Q2', '2017'),
(1600, '161117', 'Nov', 'Q2', '2017'),
(1601, '171117', 'Nov', 'Q2', '2017'),
(1602, '181117', 'Nov', 'Q2', '2017'),
(1603, '191117', 'Nov', 'Q2', '2017'),
(1604, '201117', 'Nov', 'Q2', '2017'),
(1605, '211117', 'Nov', 'Q2', '2017'),
(1606, '221117', 'Nov', 'Q2', '2017'),
(1607, '231117', 'Nov', 'Q2', '2017'),
(1608, '241117', 'Nov', 'Q2', '2017'),
(1609, '251117', 'Nov', 'Q2', '2017'),
(1610, '261117', 'Nov', 'Q2', '2017'),
(1611, '271117', 'Nov', 'Q2', '2017'),
(1612, '281117', 'Nov', 'Q2', '2017'),
(1613, '291117', 'Nov', 'Q2', '2017'),
(1614, '301117', 'Nov', 'Q2', '2017'),
(1615, '011217', 'Dec', 'Q2', '2017'),
(1616, '021217', 'Dec', 'Q2', '2017'),
(1617, '031217', 'Dec', 'Q2', '2017'),
(1618, '041217', 'Dec', 'Q2', '2017'),
(1619, '051217', 'Dec', 'Q2', '2017'),
(1620, '061217', 'Dec', 'Q2', '2017'),
(1621, '071217', 'Dec', 'Q2', '2017'),
(1622, '081217', 'Dec', 'Q2', '2017'),
(1623, '091217', 'Dec', 'Q2', '2017'),
(1624, '101217', 'Dec', 'Q2', '2017'),
(1625, '111217', 'Dec', 'Q2', '2017'),
(1626, '121217', 'Dec', 'Q2', '2017'),
(1627, '131217', 'Dec', 'Q2', '2017'),
(1628, '141217', 'Dec', 'Q2', '2017'),
(1629, '151217', 'Dec', 'Q2', '2017'),
(1630, '161217', 'Dec', 'Q2', '2017'),
(1631, '171217', 'Dec', 'Q2', '2017'),
(1632, '181217', 'Dec', 'Q2', '2017'),
(1633, '191217', 'Dec', 'Q2', '2017'),
(1634, '201217', 'Dec', 'Q2', '2017'),
(1635, '211217', 'Dec', 'Q2', '2017'),
(1636, '221217', 'Dec', 'Q2', '2017'),
(1637, '231217', 'Dec', 'Q2', '2017'),
(1638, '241217', 'Dec', 'Q2', '2017'),
(1639, '251217', 'Dec', 'Q2', '2017'),
(1640, '261217', 'Dec', 'Q2', '2017'),
(1641, '271217', 'Dec', 'Q2', '2017'),
(1642, '281217', 'Dec', 'Q2', '2017'),
(1643, '291217', 'Dec', 'Q2', '2017'),
(1644, '301217', 'Dec', 'Q2', '2017'),
(1645, '311217', 'Dec', 'Q2', '2017'),
(1646, '010118', 'Jan', 'Q3', '2018'),
(1647, '020118', 'Jan', 'Q3', '2018'),
(1648, '030118', 'Jan', 'Q3', '2018'),
(1649, '040118', 'Jan', 'Q3', '2018'),
(1650, '050118', 'Jan', 'Q3', '2018'),
(1651, '060118', 'Jan', 'Q3', '2018'),
(1652, '070118', 'Jan', 'Q3', '2018'),
(1653, '080118', 'Jan', 'Q3', '2018'),
(1654, '090118', 'Jan', 'Q3', '2018'),
(1655, '100118', 'Jan', 'Q3', '2018'),
(1656, '110118', 'Jan', 'Q3', '2018'),
(1657, '120118', 'Jan', 'Q3', '2018'),
(1658, '130118', 'Jan', 'Q3', '2018'),
(1659, '140118', 'Jan', 'Q3', '2018'),
(1660, '150118', 'Jan', 'Q3', '2018'),
(1661, '160118', 'Jan', 'Q3', '2018'),
(1662, '170118', 'Jan', 'Q3', '2018'),
(1663, '180118', 'Jan', 'Q3', '2018'),
(1664, '190118', 'Jan', 'Q3', '2018'),
(1665, '200118', 'Jan', 'Q3', '2018'),
(1666, '210118', 'Jan', 'Q3', '2018'),
(1667, '220118', 'Jan', 'Q3', '2018'),
(1668, '230118', 'Jan', 'Q3', '2018'),
(1669, '240118', 'Jan', 'Q3', '2018'),
(1670, '250118', 'Jan', 'Q3', '2018'),
(1671, '260118', 'Jan', 'Q3', '2018'),
(1672, '270118', 'Jan', 'Q3', '2018'),
(1673, '280118', 'Jan', 'Q3', '2018'),
(1674, '290118', 'Jan', 'Q3', '2018'),
(1675, '300118', 'Jan', 'Q3', '2018'),
(1676, '310118', 'Jan', 'Q3', '2018'),
(1677, '010218', 'Feb', 'Q3', '2018'),
(1678, '020218', 'Feb', 'Q3', '2018'),
(1679, '030218', 'Feb', 'Q3', '2018'),
(1680, '040218', 'Feb', 'Q3', '2018'),
(1681, '050218', 'Feb', 'Q3', '2018'),
(1682, '060218', 'Feb', 'Q3', '2018'),
(1683, '070218', 'Feb', 'Q3', '2018'),
(1684, '080218', 'Feb', 'Q3', '2018'),
(1685, '090218', 'Feb', 'Q3', '2018'),
(1686, '100218', 'Feb', 'Q3', '2018'),
(1687, '110218', 'Feb', 'Q3', '2018'),
(1688, '120218', 'Feb', 'Q3', '2018'),
(1689, '130218', 'Feb', 'Q3', '2018'),
(1690, '140218', 'Feb', 'Q3', '2018'),
(1691, '150218', 'Feb', 'Q3', '2018'),
(1692, '160218', 'Feb', 'Q3', '2018'),
(1693, '170218', 'Feb', 'Q3', '2018'),
(1694, '180218', 'Feb', 'Q3', '2018'),
(1695, '190218', 'Feb', 'Q3', '2018'),
(1696, '200218', 'Feb', 'Q3', '2018'),
(1697, '210218', 'Feb', 'Q3', '2018'),
(1698, '220218', 'Feb', 'Q3', '2018'),
(1699, '230218', 'Feb', 'Q3', '2018'),
(1700, '240218', 'Feb', 'Q3', '2018'),
(1701, '250218', 'Feb', 'Q3', '2018'),
(1702, '260218', 'Feb', 'Q3', '2018'),
(1703, '270218', 'Feb', 'Q3', '2018'),
(1704, '280218', 'Feb', 'Q3', '2018'),
(1705, '010318', 'Mar', 'Q3', '2018'),
(1706, '020318', 'Mar', 'Q3', '2018'),
(1707, '030318', 'Mar', 'Q3', '2018'),
(1708, '040318', 'Mar', 'Q3', '2018'),
(1709, '050318', 'Mar', 'Q3', '2018'),
(1710, '060318', 'Mar', 'Q3', '2018'),
(1711, '070318', 'Mar', 'Q3', '2018'),
(1712, '080318', 'Mar', 'Q3', '2018'),
(1713, '090318', 'Mar', 'Q3', '2018'),
(1714, '100318', 'Mar', 'Q3', '2018'),
(1715, '110318', 'Mar', 'Q3', '2018'),
(1716, '120318', 'Mar', 'Q3', '2018'),
(1717, '130318', 'Mar', 'Q3', '2018'),
(1718, '140318', 'Mar', 'Q3', '2018'),
(1719, '150318', 'Mar', 'Q3', '2018'),
(1720, '160318', 'Mar', 'Q3', '2018'),
(1721, '170318', 'Mar', 'Q3', '2018'),
(1722, '180318', 'Mar', 'Q3', '2018'),
(1723, '190318', 'Mar', 'Q3', '2018'),
(1724, '200318', 'Mar', 'Q3', '2018'),
(1725, '210318', 'Mar', 'Q3', '2018'),
(1726, '220318', 'Mar', 'Q3', '2018'),
(1727, '230318', 'Mar', 'Q3', '2018'),
(1728, '240318', 'Mar', 'Q3', '2018'),
(1729, '250318', 'Mar', 'Q3', '2018'),
(1730, '260318', 'Mar', 'Q3', '2018'),
(1731, '270318', 'Mar', 'Q3', '2018'),
(1732, '280318', 'Mar', 'Q3', '2018'),
(1733, '290318', 'Mar', 'Q3', '2018'),
(1734, '300318', 'Mar', 'Q3', '2018'),
(1735, '310318', 'Mar', 'Q3', '2018'),
(1736, '010418', 'Apr', 'Q4', '2018'),
(1737, '020418', 'Apr', 'Q4', '2018'),
(1738, '030418', 'Apr', 'Q4', '2018'),
(1739, '040418', 'Apr', 'Q4', '2018'),
(1740, '050418', 'Apr', 'Q4', '2018'),
(1741, '060418', 'Apr', 'Q4', '2018'),
(1742, '070418', 'Apr', 'Q4', '2018'),
(1743, '080418', 'Apr', 'Q4', '2018'),
(1744, '090418', 'Apr', 'Q4', '2018'),
(1745, '100418', 'Apr', 'Q4', '2018'),
(1746, '110418', 'Apr', 'Q4', '2018'),
(1747, '120418', 'Apr', 'Q4', '2018'),
(1748, '130418', 'Apr', 'Q4', '2018'),
(1749, '140418', 'Apr', 'Q4', '2018'),
(1750, '150418', 'Apr', 'Q4', '2018'),
(1751, '160418', 'Apr', 'Q4', '2018'),
(1752, '170418', 'Apr', 'Q4', '2018'),
(1753, '180418', 'Apr', 'Q4', '2018'),
(1754, '190418', 'Apr', 'Q4', '2018'),
(1755, '200418', 'Apr', 'Q4', '2018'),
(1756, '210418', 'Apr', 'Q4', '2018'),
(1757, '220418', 'Apr', 'Q4', '2018'),
(1758, '230418', 'Apr', 'Q4', '2018'),
(1759, '240418', 'Apr', 'Q4', '2018'),
(1760, '250418', 'Apr', 'Q4', '2018'),
(1761, '260418', 'Apr', 'Q4', '2018'),
(1762, '270418', 'Apr', 'Q4', '2018'),
(1763, '280418', 'Apr', 'Q4', '2018'),
(1764, '290418', 'Apr', 'Q4', '2018'),
(1765, '300418', 'Apr', 'Q4', '2018'),
(1766, '010518', 'May', 'Q4', '2018'),
(1767, '020518', 'May', 'Q4', '2018'),
(1768, '030518', 'May', 'Q4', '2018'),
(1769, '040518', 'May', 'Q4', '2018'),
(1770, '050518', 'May', 'Q4', '2018'),
(1771, '060518', 'May', 'Q4', '2018'),
(1772, '070518', 'May', 'Q4', '2018'),
(1773, '080518', 'May', 'Q4', '2018'),
(1774, '090518', 'May', 'Q4', '2018'),
(1775, '100518', 'May', 'Q4', '2018'),
(1776, '110518', 'May', 'Q4', '2018'),
(1777, '120518', 'May', 'Q4', '2018'),
(1778, '130518', 'May', 'Q4', '2018'),
(1779, '140518', 'May', 'Q4', '2018'),
(1780, '150518', 'May', 'Q4', '2018'),
(1781, '160518', 'May', 'Q4', '2018'),
(1782, '170518', 'May', 'Q4', '2018'),
(1783, '180518', 'May', 'Q4', '2018'),
(1784, '190518', 'May', 'Q4', '2018'),
(1785, '200518', 'May', 'Q4', '2018'),
(1786, '210518', 'May', 'Q4', '2018'),
(1787, '220518', 'May', 'Q4', '2018'),
(1788, '230518', 'May', 'Q4', '2018'),
(1789, '240518', 'May', 'Q4', '2018'),
(1790, '250518', 'May', 'Q4', '2018'),
(1791, '260518', 'May', 'Q4', '2018'),
(1792, '270518', 'May', 'Q4', '2018'),
(1793, '280518', 'May', 'Q4', '2018'),
(1794, '290518', 'May', 'Q4', '2018'),
(1795, '300518', 'May', 'Q4', '2018'),
(1796, '310518', 'May', 'Q4', '2018'),
(1797, '010618', 'Jun', 'Q4', '2018'),
(1798, '020618', 'Jun', 'Q4', '2018'),
(1799, '030618', 'Jun', 'Q4', '2018'),
(1800, '040618', 'Jun', 'Q4', '2018'),
(1801, '050618', 'Jun', 'Q4', '2018'),
(1802, '060618', 'Jun', 'Q4', '2018'),
(1803, '070618', 'Jun', 'Q4', '2018'),
(1804, '080618', 'Jun', 'Q4', '2018'),
(1805, '090618', 'Jun', 'Q4', '2018'),
(1806, '100618', 'Jun', 'Q4', '2018'),
(1807, '110618', 'Jun', 'Q4', '2018'),
(1808, '120618', 'Jun', 'Q4', '2018'),
(1809, '130618', 'Jun', 'Q4', '2018'),
(1810, '140618', 'Jun', 'Q4', '2018'),
(1811, '150618', 'Jun', 'Q4', '2018'),
(1812, '160618', 'Jun', 'Q4', '2018'),
(1813, '170618', 'Jun', 'Q4', '2018'),
(1814, '180618', 'Jun', 'Q4', '2018'),
(1815, '190618', 'Jun', 'Q4', '2018'),
(1816, '200618', 'Jun', 'Q4', '2018'),
(1817, '210618', 'Jun', 'Q4', '2018'),
(1818, '220618', 'Jun', 'Q4', '2018'),
(1819, '230618', 'Jun', 'Q4', '2018'),
(1820, '240618', 'Jun', 'Q4', '2018'),
(1821, '250618', 'Jun', 'Q4', '2018'),
(1822, '260618', 'Jun', 'Q4', '2018'),
(1823, '270618', 'Jun', 'Q4', '2018'),
(1824, '280618', 'Jun', 'Q4', '2018'),
(1825, '290618', 'Jun', 'Q4', '2018'),
(1826, '300618', 'Jun', 'Q4', '2018');

-- --------------------------------------------------------

--
-- Table structure for table `tbl_user`
--

DROP TABLE IF EXISTS `tbl_user`;
CREATE TABLE IF NOT EXISTS `tbl_user` (
  `id` int(11) NOT NULL AUTO_INCREMENT,
  `username` varchar(100) NOT NULL,
  `password` varchar(100) NOT NULL,
  `first_name` varchar(100) DEFAULT NULL,
  `middle_name` varchar(100) DEFAULT NULL,
  `last_name` varchar(100) DEFAULT NULL,
  `email` varchar(255) NOT NULL,
  `sex` char(1) NOT NULL,
  `meac_office_id` int(11) DEFAULT NULL,
  `is_mda` tinyint(1) NOT NULL DEFAULT '0',
  `mda_id` int(11) DEFAULT NULL,
  `active` tinyint(1) NOT NULL,
  PRIMARY KEY (`id`),
  KEY `mda_id` (`mda_id`),
  KEY `meac_office_id` (`meac_office_id`)
) ENGINE=InnoDB  DEFAULT CHARSET=latin1 AUTO_INCREMENT=7 ;

--
-- Dumping data for table `tbl_user`
--

INSERT INTO `tbl_user` (`id`, `username`, `password`, `first_name`, `middle_name`, `last_name`, `email`, `sex`, `meac_office_id`, `is_mda`, `mda_id`, `active`) VALUES
(1, 'admin', '905ba0f6d941d4a18050e4c53eeb5582bd9cba6c', 'Robert', 'Gunze', 'Makoye', '', 'M', 0, 0, NULL, 1),
(2, 'user1', '0b081e0fc7713559eb2c5422b74cac864e19b29c', 'User', 'Ongera', 'User Surname', 'robertgunze@gmail.com', 'M', NULL, 0, NULL, 1),
(3, 'user2', 'a1881c06eec96db9901c7bbfe41c42a3f08e9cb4', 'User2', '', 'Deo', '', 'M', NULL, 0, NULL, 1),
(5, 'user3', '0b7f849446d3383546d15a480966084442cd2193', 'User3', '', '', '', 'M', NULL, 1, 1, 1),
(6, 'user4', '06e6eef6adf2e5f54ea6c43c376d6d36605f810e', 'User4', 'User4', 'User4', '', 'F', 1, 0, NULL, 1);

--
-- Constraints for dumped tables
--

--
-- Constraints for table `AuthAssignment`
--
ALTER TABLE `AuthAssignment`
  ADD CONSTRAINT `AuthAssignment_ibfk_1` FOREIGN KEY (`itemname`) REFERENCES `AuthItem` (`name`) ON DELETE CASCADE ON UPDATE CASCADE;

--
-- Constraints for table `AuthItemChild`
--
ALTER TABLE `AuthItemChild`
  ADD CONSTRAINT `AuthItemChild_ibfk_1` FOREIGN KEY (`parent`) REFERENCES `AuthItem` (`name`) ON DELETE CASCADE ON UPDATE CASCADE,
  ADD CONSTRAINT `AuthItemChild_ibfk_2` FOREIGN KEY (`child`) REFERENCES `AuthItem` (`name`) ON DELETE CASCADE ON UPDATE CASCADE;

--
-- Constraints for table `tbl_audit_trail`
--
ALTER TABLE `tbl_audit_trail`
  ADD CONSTRAINT `fk_tbl_audit_trail_tbl_user1` FOREIGN KEY (`user_id`) REFERENCES `tbl_user` (`id`) ON DELETE NO ACTION ON UPDATE NO ACTION;

--
-- Constraints for table `tbl_eac_decision`
--
ALTER TABLE `tbl_eac_decision`
  ADD CONSTRAINT `tbl_eac_decision_ibfk_2` FOREIGN KEY (`responsible_mda_id`) REFERENCES `tbl_mda` (`id`),
  ADD CONSTRAINT `tbl_eac_decision_ibfk_3` FOREIGN KEY (`decision_source_id`) REFERENCES `tbl_eac_lookup` (`id`);

--
-- Constraints for table `tbl_eac_status_log`
--
ALTER TABLE `tbl_eac_status_log`
  ADD CONSTRAINT `tbl_eac_status_log_ibfk_1` FOREIGN KEY (`status_id`) REFERENCES `tbl_eac_lookup` (`id`),
  ADD CONSTRAINT `tbl_eac_status_log_ibfk_2` FOREIGN KEY (`update_user_id`) REFERENCES `tbl_user` (`id`),
  ADD CONSTRAINT `tbl_eac_status_log_ibfk_3` FOREIGN KEY (`create_user_id`) REFERENCES `tbl_user` (`id`),
  ADD CONSTRAINT `tbl_eac_status_log_ibfk_4` FOREIGN KEY (`decision_id`) REFERENCES `tbl_eac_decision` (`id`);

--
-- Constraints for table `tbl_eams_facts`
--
ALTER TABLE `tbl_eams_facts`
  ADD CONSTRAINT `tbl_eams_facts_ibfk_2` FOREIGN KEY (`framework_ind_id`) REFERENCES `tbl_eams_framework_indicator_mapping` (`id`),
  ADD CONSTRAINT `tbl_eams_facts_ibfk_3` FOREIGN KEY (`time_id`) REFERENCES `tbl_time_dimension` (`id`);

--
-- Constraints for table `tbl_eams_framework`
--
ALTER TABLE `tbl_eams_framework`
  ADD CONSTRAINT `tbl_eams_framework_ibfk_1` FOREIGN KEY (`type_id`) REFERENCES `tbl_eams_framework_type` (`id`);

--
-- Constraints for table `tbl_eams_framework_indicator_mapping`
--
ALTER TABLE `tbl_eams_framework_indicator_mapping`
  ADD CONSTRAINT `tbl_eams_framework_indicator_mapping_ibfk_1` FOREIGN KEY (`indicator_id`) REFERENCES `tbl_indicator` (`id`),
  ADD CONSTRAINT `tbl_eams_framework_indicator_mapping_ibfk_2` FOREIGN KEY (`framework_id`) REFERENCES `tbl_eams_framework` (`id`),
  ADD CONSTRAINT `tbl_eams_framework_indicator_mapping_ibfk_3` FOREIGN KEY (`indicator_unit_id`) REFERENCES `tbl_indicator_unit` (`id`),
  ADD CONSTRAINT `tbl_eams_framework_indicator_mapping_ibfk_4` FOREIGN KEY (`data_source_id`) REFERENCES `tbl_indicator_data_source` (`id`),
  ADD CONSTRAINT `tbl_eams_framework_indicator_mapping_ibfk_5` FOREIGN KEY (`created_by`) REFERENCES `tbl_user` (`id`);

--
-- Constraints for table `tbl_indicator_frequency_mapping`
--
ALTER TABLE `tbl_indicator_frequency_mapping`
  ADD CONSTRAINT `tbl_indicator_frequency_mapping_ibfk_3` FOREIGN KEY (`frequency_id`) REFERENCES `tbl_frequency` (`id`),
  ADD CONSTRAINT `tbl_indicator_frequency_mapping_ibfk_4` FOREIGN KEY (`indicator_id`) REFERENCES `tbl_indicator` (`id`);

--
-- Constraints for table `tbl_login`
--
ALTER TABLE `tbl_login`
  ADD CONSTRAINT `tbl_login_ibfk_1` FOREIGN KEY (`user_id`) REFERENCES `tbl_user` (`id`);

/*!40101 SET CHARACTER_SET_CLIENT=@OLD_CHARACTER_SET_CLIENT */;
/*!40101 SET CHARACTER_SET_RESULTS=@OLD_CHARACTER_SET_RESULTS */;
/*!40101 SET COLLATION_CONNECTION=@OLD_COLLATION_CONNECTION */;
